frame,part,x,y,z,visibility,presence
0,left shoulder,0.1054951399564743,-0.448330819606781,-0.04545450955629349,0.9870153665542603,0.9563193917274475
0,right shoulder,-0.14962369203567505,-0.4354912042617798,-0.15905283391475677,0.9908973574638367,0.9774591326713562
0,left hip,0.09893449395895004,-0.00305031961761415,0.06211142987012863,0.0015868495684117079,0.00027869659243151546
0,right hip,-0.09682711958885193,-0.0074837179854512215,-0.058086469769477844,0.001987011870369315,0.0003353733045514673
1,left shoulder,0.10564775764942169,-0.44847530126571655,-0.042520973831415176,0.9878110289573669,0.9840747117996216
1,right shoulder,-0.14986729621887207,-0.4357600510120392,-0.16245824098587036,0.991330087184906,0.9860602617263794
1,left hip,0.0990549847483635,-0.0044701844453811646,0.061703912913799286,0.0016242337878793478,0.00019819365115836263
1,right hip,-0.09695538878440857,-0.0056851753033697605,-0.0578388087451458,0.002075875410810113,0.00022496866586152464
2,left shoulder,0.10385364294052124,-0.4500126838684082,-0.037119243294000626,0.9878076910972595,0.9505363702774048
2,right shoulder,-0.14963658154010773,-0.43788665533065796,-0.1624143123626709,0.9908669590950012,0.9538851380348206
2,left hip,0.09893439710140228,-0.0045732841826975346,0.06178177520632744,0.001722073764540255,0.0003404064627829939
2,right hip,-0.09682385623455048,-0.005538544151932001,-0.057954806834459305,0.002221327507868409,0.00036436805385164917
3,left shoulder,0.09790980815887451,-0.45667389035224915,-0.029438761994242668,0.9864644408226013,0.8988268375396729
3,right shoulder,-0.14053763449192047,-0.4404667317867279,-0.16272486746311188,0.9892444014549255,0.9109941124916077
3,left hip,0.09722459316253662,-0.004662571009248495,0.06154962629079819,0.0023329879622906446,0.0011532738571986556
3,right hip,-0.09497162699699402,-0.005441993474960327,-0.05780437961220741,0.003120344365015626,0.001191486488096416
4,left shoulder,0.09647542983293533,-0.4680967926979065,-0.024675676599144936,0.9848237037658691,0.8372507095336914
4,right shoulder,-0.14163817465305328,-0.44683295488357544,-0.15377096831798553,0.987433671951294,0.8601048588752747
4,left hip,0.09717311710119247,-0.006439285818487406,0.05921407788991928,0.0029771055560559034,0.0009374579531140625
4,right hip,-0.09498249739408493,-0.003985148388892412,-0.05578891932964325,0.004208355210721493,0.0010786008788272738
5,left shoulder,0.09653563052415848,-0.4678022563457489,-0.010360370390117168,0.984835147857666,0.9470954537391663
5,right shoulder,-0.14114011824131012,-0.4502246677875519,-0.15304505825042725,0.9858113527297974,0.8999327421188354
5,left hip,0.09815830737352371,-0.006612543016672134,0.05761254206299782,0.003462908323854208,0.0006382983992807567
5,right hip,-0.09603332728147507,-0.0038464933168143034,-0.05444801226258278,0.004729687701910734,0.0005354160093702376
6,left shoulder,0.10077973455190659,-0.46702125668525696,-0.011012451723217964,0.9856327772140503,0.9753798246383667
6,right shoulder,-0.1426742523908615,-0.44693833589553833,-0.15464738011360168,0.9863728284835815,0.9756104350090027
6,left hip,0.10073326528072357,-0.007124850992113352,0.05638234317302704,0.0034048219677060843,0.00020701436733361334
6,right hip,-0.09877568483352661,-0.00327963731251657,-0.0533074252307415,0.004676241427659988,0.00022956097382120788
7,left shoulder,0.0984531044960022,-0.466793954372406,-0.010499853640794754,0.9844043254852295,0.8878074884414673
7,right shoulder,-0.14209234714508057,-0.4468234181404114,-0.15509499609470367,0.9852176308631897,0.8808603882789612
7,left hip,0.09856091439723969,-0.007234578486531973,0.05797900632023811,0.003732202108949423,0.0005741441855207086
7,right hip,-0.09676618874073029,-0.003132341429591179,-0.05491919815540314,0.005344535689800978,0.00066606723703444
8,left shoulder,0.09740807861089706,-0.46708452701568604,-0.011152850463986397,0.9839175939559937,0.9066729545593262
8,right shoulder,-0.14656177163124084,-0.4445682764053345,-0.15626245737075806,0.9855924844741821,0.954095721244812
8,left hip,0.09777934104204178,-0.008433238603174686,0.058168526738882065,0.003931770566850901,0.00045720848720520735
8,right hip,-0.09634985774755478,-0.002099002478644252,-0.05510873720049858,0.005885588936507702,0.0007025030790828168
9,left shoulder,0.09542562067508698,-0.46692195534706116,-0.026153264567255974,0.9839684367179871,0.9326180219650269
9,right shoulder,-0.1472148895263672,-0.44295501708984375,-0.17348609864711761,0.985729992389679,0.9466205835342407
9,left hip,0.09740781038999557,-0.008447322994470596,0.05833137780427933,0.0038850062992423773,0.000398744159610942
9,right hip,-0.09592534601688385,-0.002019670093432069,-0.05524905025959015,0.0058970279060304165,0.0005258130840957165
10,left shoulder,0.09451179206371307,-0.4644826650619507,-0.037639208137989044,0.984908938407898,0.9754079580307007
10,right shoulder,-0.14748379588127136,-0.4394499957561493,-0.18589602410793304,0.986172080039978,0.9656978845596313
10,left hip,0.09735497832298279,-0.008464759215712547,0.05833584815263748,0.003778752638027072,0.0003528966917656362
10,right hip,-0.09575391560792923,-0.0018861903809010983,-0.05523645877838135,0.0057241362519562244,0.00041643730946816504
11,left shoulder,0.09281645715236664,-0.46381106972694397,-0.036667678505182266,0.9850615859031677,0.9310077428817749
11,right shoulder,-0.14746282994747162,-0.4348171353340149,-0.1838267296552658,0.9848506450653076,0.8719180822372437
11,left hip,0.0972253754734993,-0.008392705582082272,0.05829430744051933,0.003998137079179287,0.0006569012766703963
11,right hip,-0.09548607468605042,-0.0018936493434011936,-0.0551736056804657,0.005943879950791597,0.0007015470182523131
12,left shoulder,0.09287650883197784,-0.46157899498939514,-0.03771926835179329,0.9856202602386475,0.9438676834106445
12,right shoulder,-0.14757554233074188,-0.43172651529312134,-0.18259012699127197,0.9842913150787354,0.8988133668899536
12,left hip,0.09742141515016556,-0.008387967012822628,0.05665142834186554,0.0042972685769200325,0.0007996849599294364
12,right hip,-0.09553275257349014,-0.0018443986773490906,-0.053441066294908524,0.006174555979669094,0.0008289692341350019
13,left shoulder,0.09741758555173874,-0.45831701159477234,-0.052856508642435074,0.9862340092658997,0.9428427815437317
13,right shoulder,-0.1472156047821045,-0.4299266040325165,-0.18119262158870697,0.9846394062042236,0.9429135918617249
13,left hip,0.09811956435441971,-0.008385643362998962,0.049981746822595596,0.005179618019610643,0.0019541189540177584
13,right hip,-0.0960608571767807,-0.001834546565078199,-0.04664337635040283,0.0071416436694562435,0.002429887419566512
14,left shoulder,0.0970621407032013,-0.46084311604499817,-0.037698835134506226,0.9850841164588928,0.836078941822052
14,right shoulder,-0.14423306286334991,-0.43419358134269714,-0.17597055435180664,0.9768621921539307,0.6123537421226501
14,left hip,0.09784072637557983,-0.008833919651806355,0.04673038423061371,0.007108945865184069,0.0030478392727673054
14,right hip,-0.09562791138887405,-0.0013121389783918858,-0.04363571107387543,0.008397389203310013,0.0022907766979187727
15,left shoulder,0.09695779532194138,-0.45359793305397034,-0.04110947251319885,0.9861006140708923,0.9730070233345032
15,right shoulder,-0.1442781537771225,-0.4332042336463928,-0.1816049963235855,0.9775511622428894,0.9284768104553223
15,left hip,0.09783690422773361,-0.006905775982886553,0.047099243849515915,0.0075254663825035095,0.0019303609151393175
15,right hip,-0.09556442499160767,-0.0028246191795915365,-0.043975427746772766,0.008455640636384487,0.001381854061037302
16,left shoulder,0.09296796470880508,-0.45497921109199524,-0.041010044515132904,0.9856825470924377,0.8714902400970459
16,right shoulder,-0.14300833642482758,-0.4338071048259735,-0.18597470223903656,0.9735556840896606,0.6899179816246033
16,left hip,0.09678032249212265,-0.006979027763009071,0.046507056802511215,0.008119332604110241,0.0017693081172183156
16,right hip,-0.09478211402893066,-0.0028021971229463816,-0.04347572475671768,0.008683469146490097,0.0012414013035595417
17,left shoulder,0.08599283546209335,-0.4545063376426697,-0.04091843217611313,0.986310601234436,0.9489621520042419
17,right shoulder,-0.14684456586837769,-0.43187278509140015,-0.19174592196941376,0.9730634093284607,0.8488452434539795
17,left hip,0.09644913673400879,-0.006910115946084261,0.04662498086690903,0.008496751077473164,0.0016223458806052804
17,right hip,-0.0943814069032669,-0.0028854080010205507,-0.04358555004000664,0.008726811036467552,0.0010732081718742847
18,left shoulder,0.08614526689052582,-0.4545574486255646,-0.04530186951160431,0.9871951937675476,0.9660046100616455
18,right shoulder,-0.15254372358322144,-0.43080559372901917,-0.18782104551792145,0.9732363224029541,0.8634710907936096
18,left hip,0.09746826440095901,-0.008291867561638355,0.044048599898815155,0.008529954589903355,0.0012195865856483579
18,right hip,-0.09510649740695953,-0.0017668904038146138,-0.04080311581492424,0.008443186990916729,0.0008115782402455807
19,left shoulder,0.08380220085382462,-0.45919954776763916,-0.04167989641427994,0.9861050248146057,0.8553037643432617
19,right shoulder,-0.1524531990289688,-0.43439990282058716,-0.1878138929605484,0.967011570930481,0.5726239085197449
19,left hip,0.09685695171356201,-0.00879618525505066,0.044275913387537,0.008642734959721565,0.0010247763711959124
19,right hip,-0.09480609744787216,-0.0014451486058533192,-0.040989767760038376,0.008403387852013111,0.0007112201419658959
20,left shoulder,0.0825946107506752,-0.45918285846710205,-0.04582049325108528,0.9858826994895935,0.8863210082054138
20,right shoulder,-0.16025325655937195,-0.433408260345459,-0.19059959053993225,0.9647314548492432,0.7061406373977661
20,left hip,0.09709253162145615,-0.009071271866559982,0.04449388012290001,0.008642058819532394,0.0010063372319564223
20,right hip,-0.09517649561166763,-0.0012181127676740289,-0.04121023416519165,0.008222303353250027,0.0007582551916129887
21,left shoulder,0.07025962322950363,-0.4587612450122833,-0.03387787938117981,0.9842281341552734,0.7857834696769714
21,right shoulder,-0.15961414575576782,-0.4332434833049774,-0.19468198716640472,0.9607167840003967,0.6620020270347595
21,left hip,0.09560475498437881,-0.00884153600782156,0.048114314675331116,0.008828828111290932,0.0011873167240992188
21,right hip,-0.09391520917415619,-0.0012980764731764793,-0.044989440590143204,0.00826488621532917,0.0008972444920800626
22,left shoulder,0.06250935792922974,-0.458074152469635,-0.03257789835333824,0.9843491315841675,0.892731249332428
22,right shoulder,-0.15918442606925964,-0.42973077297210693,-0.20679491758346558,0.9593280553817749,0.7153913378715515
22,left hip,0.09434841573238373,-0.008831211365759373,0.05025077983736992,0.00903142150491476,0.0012768862070515752
22,right hip,-0.09266910701990128,-0.0012930012308061123,-0.04714035615324974,0.008311028592288494,0.0008297821041196585
23,left shoulder,0.06256058067083359,-0.4580768048763275,-0.03438978269696236,0.9843207597732544,0.8709356784820557
23,right shoulder,-0.16145114600658417,-0.42724278569221497,-0.20681676268577576,0.9575017094612122,0.7029573917388916
23,left hip,0.09438280761241913,-0.00913072470575571,0.050141554325819016,0.00918217096477747,0.0013739799614995718
23,right hip,-0.09268736094236374,-0.0009327629231847823,-0.04703259840607643,0.008309513330459595,0.0009362546843476593
24,left shoulder,0.05879117175936699,-0.45783257484436035,-0.05279086157679558,0.9844668507575989,0.8916276693344116
24,right shoulder,-0.16186541318893433,-0.42085036635398865,-0.22225582599639893,0.9576725363731384,0.7873392105102539
24,left hip,0.09416180104017258,-0.009230473078787327,0.05008188635110855,0.009507282637059689,0.0021643219515681267
24,right hip,-0.09250827133655548,-0.0007549791480414569,-0.04697464406490326,0.008590384386479855,0.0016234415816143155
25,left shoulder,0.05660264194011688,-0.46660396456718445,-0.025808291509747505,0.984321653842926,0.8856859803199768
25,right shoulder,-0.1621968299150467,-0.42243221402168274,-0.18661010265350342,0.9569935202598572,0.7117030024528503
25,left hip,0.09305551648139954,-0.011869458481669426,0.048125047236680984,0.011204133741557598,0.004738351795822382
25,right hip,-0.09128964692354202,0.0022932507563382387,-0.045182060450315475,0.009999027475714684,0.0030692825093865395
26,left shoulder,0.04834304377436638,-0.47217434644699097,-0.013169592246413231,0.984931468963623,0.9543517827987671
26,right shoulder,-0.16344007849693298,-0.42197465896606445,-0.1857677400112152,0.9585866332054138,0.8705575466156006
26,left hip,0.09034787863492966,-0.014455399475991726,0.048601314425468445,0.015195622108876705,0.015414511784911156
26,right hip,-0.08894773572683334,0.005089053884148598,-0.04578031226992607,0.013907069340348244,0.009776814840734005
27,left shoulder,0.04770218953490257,-0.47344470024108887,-0.029654646292328835,0.9856557250022888,0.9504194259643555
27,right shoulder,-0.16701801121234894,-0.40881815552711487,-0.19486834108829498,0.9596352577209473,0.8096238374710083
27,left hip,0.09016827493906021,-0.019907481968402863,0.0474645271897316,0.015847861766815186,0.004776015877723694
27,right hip,-0.08859571814537048,0.010448090732097626,-0.04460394009947777,0.01439537201076746,0.0029163307044655085
28,left shoulder,0.04304862767457962,-0.48924538493156433,-0.021402694284915924,0.9835909605026245,0.8886560201644897
28,right shoulder,-0.1548742651939392,-0.42273953557014465,-0.19580960273742676,0.9447508454322815,0.4192303717136383
28,left hip,0.08567830920219421,-0.01989416591823101,0.04841174930334091,0.021517083048820496,0.012278016656637192
28,right hip,-0.08370668441057205,0.010467792861163616,-0.04568661376833916,0.018323004245758057,0.005020716693252325
29,left shoulder,0.0447390079498291,-0.4955498278141022,-0.021921515464782715,0.9846970438957214,0.9639056921005249
29,right shoulder,-0.15501999855041504,-0.42212703824043274,-0.1963350623846054,0.9463279247283936,0.7520061135292053
29,left hip,0.08548671007156372,-0.020717119798064232,0.0465489886701107,0.035470787435770035,0.03194236010313034
29,right hip,-0.0836053341627121,0.011188467964529991,-0.04399314522743225,0.02750764787197113,0.015130366198718548
30,left shoulder,0.04571334272623062,-0.49350813031196594,-0.06676949560642242,0.9857718348503113,0.9792894124984741
30,right shoulder,-0.13287769258022308,-0.39012882113456726,-0.25848570466041565,0.9492508769035339,0.8399636149406433
30,left hip,0.08001500368118286,-0.023302922025322914,0.04732034355401993,0.06604693084955215,0.09050129354000092
30,right hip,-0.07911288738250732,0.014016523025929928,-0.04495367035269737,0.04966435953974724,0.03156780079007149
31,left shoulder,0.03671765327453613,-0.49265265464782715,-0.06711072474718094,0.9850708246231079,0.9117364287376404
31,right shoulder,-0.12597548961639404,-0.3945806920528412,-0.2598630487918854,0.9479221105575562,0.679436445236206
31,left hip,0.07015344500541687,-0.023145047947764397,0.04929060861468315,0.08615954965353012,0.06391412019729614
31,right hip,-0.07109290361404419,0.013888624496757984,-0.047401249408721924,0.059803448617458344,0.020368296653032303
32,left shoulder,0.037021927535533905,-0.49062779545783997,-0.06455565243959427,0.9857190847396851,0.9736024141311646
32,right shoulder,-0.12226884812116623,-0.3917601704597473,-0.25540030002593994,0.9496716856956482,0.7471933364868164
32,left hip,0.06631482392549515,-0.024521732702851295,0.05286993831396103,0.1252640187740326,0.1257995069026947
32,right hip,-0.0677318125963211,0.015541129745543003,-0.05134028568863869,0.08044429868459702,0.025582121685147285
33,left shoulder,0.03587379679083824,-0.48950281739234924,-0.0861014574766159,0.9868460297584534,0.9935550093650818
33,right shoulder,-0.11311393231153488,-0.36590319871902466,-0.27581918239593506,0.9529824256896973,0.8554635643959045
33,left hip,0.06301835179328918,-0.027142008766531944,0.05290226265788078,0.19106893241405487,0.43932652473449707
33,right hip,-0.06454207003116608,0.018686309456825256,-0.05138581991195679,0.12768667936325073,0.08961320668458939
34,left shoulder,0.02639102190732956,-0.4701597988605499,-0.11751151084899902,0.9868732690811157,0.9654080271720886
34,right shoulder,-0.11243891716003418,-0.3355053663253784,-0.31242498755455017,0.953562319278717,0.7768662571907043
34,left hip,0.05665907636284828,-0.02707793563604355,0.05459677055478096,0.24041341245174408,0.3846593499183655
34,right hip,-0.05826154351234436,0.019161134958267212,-0.053340472280979156,0.159964457154274,0.11266818642616272
35,left shoulder,0.028267618268728256,-0.4577009379863739,-0.11859175562858582,0.9866853356361389,0.9695073366165161
35,right shoulder,-0.11383644491434097,-0.3474559783935547,-0.2941131889820099,0.9513733983039856,0.5879641771316528
35,left hip,0.05811348184943199,-0.027038702741265297,0.053714364767074585,0.2857659161090851,0.3840111196041107
35,right hip,-0.05949140340089798,0.019465869292616844,-0.052611347287893295,0.19132931530475616,0.0866641104221344
36,left shoulder,0.03882038593292236,-0.421339750289917,-0.17730355262756348,0.9867681860923767,0.9798985719680786
36,right shoulder,-0.11545167863368988,-0.29142093658447266,-0.30468952655792236,0.9523615837097168,0.768838107585907
36,left hip,0.05902114138007164,-0.02859755977988243,0.05168553814291954,0.3425752818584442,0.7710169553756714
36,right hip,-0.060286231338977814,0.023167114704847336,-0.050806302577257156,0.24357783794403076,0.3859679698944092
37,left shoulder,0.046338196843862534,-0.4046275317668915,-0.1926189661026001,0.9869545698165894,0.9693231582641602
37,right shoulder,-0.14132803678512573,-0.2686184048652649,-0.3113430142402649,0.9557847380638123,0.8890387415885925
37,left hip,0.061369188129901886,-0.03092235140502453,0.048046573996543884,0.3996022045612335,0.7313322424888611
37,right hip,-0.06306219100952148,0.027272669598460197,-0.047268688678741455,0.30425941944122314,0.4982336163520813
38,left shoulder,0.08099328726530075,-0.3416791558265686,-0.31925493478775024,0.9870335459709167,0.9442371129989624
38,right shoulder,-0.144505113363266,-0.21134136617183685,-0.39170515537261963,0.9596595764160156,0.9195154309272766
38,left hip,0.06702299416065216,-0.03355605900287628,0.038590241223573685,0.447068989276886,0.5525815486907959
38,right hip,-0.06903134286403656,0.031144117936491966,-0.03769125044345856,0.35450807213783264,0.37913015484809875
39,left shoulder,0.07598143070936203,-0.3737238049507141,-0.2594278156757355,0.9877906441688538,0.9796974062919617
39,right shoulder,-0.1688041388988495,-0.23896236717700958,-0.3545108437538147,0.9632198214530945,0.9575827717781067
39,left hip,0.07485201209783554,-0.03821244463324547,0.03288467600941658,0.4977229833602905,0.8316070437431335
39,right hip,-0.07669847458600998,0.03663453832268715,-0.03204645216464996,0.41216081380844116,0.732269823551178
40,left shoulder,0.07468155026435852,-0.3414739966392517,-0.31001198291778564,0.987891674041748,0.9664649963378906
40,right shoulder,-0.16960129141807556,-0.20129422843456268,-0.38273948431015015,0.9664114117622375,0.9366220235824585
40,left hip,0.07534095644950867,-0.041376497596502304,0.033670615404844284,0.5412480235099792,0.8381142020225525
40,right hip,-0.07709559053182602,0.04066178575158119,-0.03273991495370865,0.46219104528427124,0.7151625156402588
41,left shoulder,0.0811251550912857,-0.34634163975715637,-0.29455897212028503,0.9869294166564941,0.8991783261299133
41,right shoulder,-0.17020142078399658,-0.22855405509471893,-0.37406083941459656,0.9692963361740112,0.9273852705955505
41,left hip,0.07692048698663712,-0.04089037701487541,0.03410732373595238,0.5734767913818359,0.6344507932662964
41,right hip,-0.0786275640130043,0.03964006528258324,-0.033123817294836044,0.4993267357349396,0.5225788354873657
42,left shoulder,0.08991865813732147,-0.3249985873699188,-0.3512076735496521,0.9871854186058044,0.9374621510505676
42,right shoulder,-0.1713411808013916,-0.21186494827270508,-0.4177657663822174,0.9721862077713013,0.9704704880714417
42,left hip,0.08009595423936844,-0.040702953934669495,0.033830199390649796,0.5956528782844543,0.5670790672302246
42,right hip,-0.08177431672811508,0.0389256477355957,-0.03282444551587105,0.5283816456794739,0.59073805809021
43,left shoulder,0.09397315979003906,-0.3318275511264801,-0.32441988587379456,0.9880776405334473,0.9833751320838928
43,right shoulder,-0.1765764057636261,-0.2273673266172409,-0.3957882821559906,0.974897563457489,0.992361307144165
43,left hip,0.08250372111797333,-0.03777245059609413,0.033955082297325134,0.6229451894760132,0.7695130109786987
43,right hip,-0.08420269191265106,0.03651633486151695,-0.03289085254073143,0.5593037605285645,0.7221990823745728
44,left shoulder,0.09595444053411484,-0.33405259251594543,-0.33381882309913635,0.9887253046035767,0.9543501734733582
44,right shoulder,-0.18186724185943604,-0.23669178783893585,-0.40248093008995056,0.9772920608520508,0.979873538017273
44,left hip,0.08607818931341171,-0.03589292988181114,0.03307804465293884,0.633216142654419,0.40213918685913086
44,right hip,-0.08782242238521576,0.034925494343042374,-0.03198469430208206,0.572917103767395,0.4239879846572876
45,left shoulder,0.09528020024299622,-0.3394237458705902,-0.3333801031112671,0.9892081618309021,0.9525763392448425
45,right shoulder,-0.1797415316104889,-0.2385956197977066,-0.39944684505462646,0.9794741868972778,0.9905754327774048
45,left hip,0.08612138032913208,-0.03491434082388878,0.030493395403027534,0.653713583946228,0.6893178224563599
45,right hip,-0.0878223180770874,0.03437952324748039,-0.02939482033252716,0.6021592617034912,0.80315101146698
46,left shoulder,0.09463918209075928,-0.3437541425228119,-0.31722521781921387,0.9886013865470886,0.882731020450592
46,right shoulder,-0.17830204963684082,-0.2417980283498764,-0.392398476600647,0.981342077255249,0.9761872887611389
46,left hip,0.08602404594421387,-0.03428030386567116,0.029423974454402924,0.6691069602966309,0.7003666758537292
46,right hip,-0.08769707381725311,0.03407079726457596,-0.028335586190223694,0.6268687844276428,0.7929178476333618
47,left shoulder,0.09563755244016647,-0.33502352237701416,-0.3225741386413574,0.9881017804145813,0.9045838713645935
47,right shoulder,-0.17732375860214233,-0.24326938390731812,-0.3932078182697296,0.983095109462738,0.9884146451950073
47,left hip,0.08596102893352509,-0.03345243260264397,0.028674280270934105,0.6808723211288452,0.6618920564651489
47,right hip,-0.08761713653802872,0.033481042832136154,-0.02756253257393837,0.6485953330993652,0.8077064156532288
48,left shoulder,0.10040273517370224,-0.333317369222641,-0.32758933305740356,0.9846929907798767,0.6872984170913696
48,right shoulder,-0.1687244176864624,-0.2442820966243744,-0.3997248709201813,0.9845866560935974,0.9728297591209412
48,left hip,0.08586308360099792,-0.031488314270973206,0.027728823944926262,0.6734321713447571,0.4055609405040741
48,right hip,-0.0875142365694046,0.03168603032827377,-0.026630297303199768,0.6585000157356262,0.6731260418891907
49,left shoulder,0.09371452033519745,-0.3361801505088806,-0.31679755449295044,0.9828099608421326,0.8253685235977173
49,right shoulder,-0.1698179990053177,-0.24947237968444824,-0.3851860761642456,0.9859106540679932,0.9820379018783569
49,left hip,0.08521030098199844,-0.031459130346775055,0.02783592976629734,0.6809981465339661,0.6940444111824036
49,right hip,-0.0868772640824318,0.03155587241053581,-0.026730969548225403,0.6782050728797913,0.8688267469406128
50,left shoulder,0.08606476336717606,-0.34430065751075745,-0.25629788637161255,0.9781888723373413,0.6017741560935974
50,right shoulder,-0.1698646992444992,-0.27839207649230957,-0.367785781621933,0.9868810772895813,0.9470601677894592
50,left hip,0.085026316344738,-0.029099002480506897,0.027965692803263664,0.6889855861663818,0.5284226536750793
50,right hip,-0.08672423660755157,0.029218975454568863,-0.02685360424220562,0.6930680274963379,0.7524462342262268
51,left shoulder,0.06154676899313927,-0.35683751106262207,-0.24551425874233246,0.9782771468162537,0.8491199612617493
51,right shoulder,-0.16799896955490112,-0.27649861574172974,-0.3650902509689331,0.9880253076553345,0.9764377474784851
51,left hip,0.07937723398208618,-0.029155204072594643,0.03154776990413666,0.6992303729057312,0.5365909337997437
51,right hip,-0.08118785172700882,0.02917669713497162,-0.03041733242571354,0.7054588198661804,0.7004228830337524
52,left shoulder,0.05125223845243454,-0.3563326895236969,-0.29312849044799805,0.9790874123573303,0.8980029225349426
52,right shoulder,-0.15912383794784546,-0.23664382100105286,-0.41228365898132324,0.9891076683998108,0.9830924868583679
52,left hip,0.07430379837751389,-0.030293993651866913,0.032599836587905884,0.7115539908409119,0.4314959645271301
52,right hip,-0.07620633393526077,0.029972337186336517,-0.03139927238225937,0.7183788418769836,0.5697289705276489
53,left shoulder,0.03322707861661911,-0.3955695927143097,-0.2887802720069885,0.9798929691314697,0.8401502370834351
53,right shoulder,-0.15938621759414673,-0.2372354418039322,-0.41064703464508057,0.9901100993156433,0.9902685880661011
53,left hip,0.07095389813184738,-0.03300666809082031,0.03275055065751076,0.7220105528831482,0.21353048086166382
53,right hip,-0.07300690561532974,0.031772859394550323,-0.031580597162246704,0.7336893081665039,0.4494016766548157
54,left shoulder,0.03508768230676651,-0.3916633129119873,-0.2677386999130249,0.9781956672668457,0.7360713481903076
54,right shoulder,-0.16488124430179596,-0.2612246870994568,-0.3950750231742859,0.9908204674720764,0.9728158116340637
54,left hip,0.0713341236114502,-0.03306245058774948,0.03363879770040512,0.7085548043251038,0.17210368812084198
54,right hip,-0.07359083741903305,0.03169636055827141,-0.03237465023994446,0.7293577790260315,0.3198404610157013
55,left shoulder,0.02818685956299305,-0.3964674174785614,-0.21691834926605225,0.9767336249351501,0.7558773756027222
55,right shoulder,-0.1722903996706009,-0.31067925691604614,-0.3482034504413605,0.9913970828056335,0.9695195555686951
55,left hip,0.07158444076776505,-0.033130351454019547,0.03668849170207977,0.6806191802024841,0.08901664614677429
55,right hip,-0.07374687492847443,0.031411971896886826,-0.03525558114051819,0.7111533284187317,0.16474223136901855
56,left shoulder,0.01826738379895687,-0.39390426874160767,-0.21353952586650848,0.9743465781211853,0.6882660984992981
56,right shoulder,-0.17845825850963593,-0.311646968126297,-0.34019625186920166,0.9917042255401611,0.9480583667755127
56,left hip,0.07179047912359238,-0.033541012555360794,0.03740711882710457,0.666644811630249,0.09554643929004669
56,right hip,-0.0739404633641243,0.031362906098365784,-0.03589019924402237,0.6982933878898621,0.16567426919937134
57,left shoulder,0.01711258478462696,-0.38357070088386536,-0.24227842688560486,0.9718658328056335,0.695898711681366
57,right shoulder,-0.17796160280704498,-0.30750688910484314,-0.35890862345695496,0.9919015765190125,0.9397343397140503
57,left hip,0.07170024514198303,-0.03396216034889221,0.03751439228653908,0.6403127908706665,0.04285736009478569
57,right hip,-0.0739782303571701,0.0313202403485775,-0.035958681255578995,0.6713472604751587,0.07096999138593674
58,left shoulder,0.004466443322598934,-0.40562957525253296,-0.17246133089065552,0.9710298776626587,0.8095525503158569
58,right shoulder,-0.1828341782093048,-0.3397824764251709,-0.316048264503479,0.9923868179321289,0.9665518999099731
58,left hip,0.07090259343385696,-0.03403889015316963,0.04329557344317436,0.601082980632782,0.03930458426475525
58,right hip,-0.07342000305652618,0.03099435567855835,-0.04155660793185234,0.6372750401496887,0.0544370636343956
59,left shoulder,0.00690830172970891,-0.41086533665657043,-0.18474970757961273,0.9647231101989746,0.5712212324142456
59,right shoulder,-0.18776986002922058,-0.356243759393692,-0.31613805890083313,0.9924986362457275,0.9532686471939087
59,left hip,0.0708669126033783,-0.03396625444293022,0.04474838078022003,0.5583592653274536,0.021227579563856125
59,right hip,-0.07345183193683624,0.0301576666533947,-0.0430864654481411,0.6028403639793396,0.04711909592151642
60,left shoulder,0.009444661438465118,-0.40756478905677795,-0.1945561170578003,0.9593235850334167,0.6010499000549316
60,right shoulder,-0.18694324791431427,-0.3443080186843872,-0.32365158200263977,0.9926075339317322,0.9533655047416687
60,left hip,0.07084973156452179,-0.03345261886715889,0.04734738543629646,0.5238114595413208,0.027043810114264488
60,right hip,-0.07347807288169861,0.028889141976833344,-0.045578733086586,0.5759029984474182,0.06038004159927368
61,left shoulder,0.009699159301817417,-0.4165556728839874,-0.1312466859817505,0.9572131633758545,0.6764305830001831
61,right shoulder,-0.18732506036758423,-0.36221954226493835,-0.3054681420326233,0.99296635389328,0.9651610851287842
61,left hip,0.07064350694417953,-0.02998700551688671,0.055984824895858765,0.48653078079223633,0.018641022965312004
61,right hip,-0.07334838062524796,0.02434905245900154,-0.05408155545592308,0.5445893406867981,0.034513045102357864
62,left shoulder,0.008487272076308727,-0.42539671063423157,-0.12378761917352676,0.9512870907783508,0.6326432824134827
62,right shoulder,-0.18710359930992126,-0.37031859159469604,-0.30208882689476013,0.99311763048172,0.9655671715736389
62,left hip,0.06979476660490036,-0.02631664276123047,0.0613192617893219,0.452888548374176,0.018272757530212402
62,right hip,-0.07256722450256348,0.020210834220051765,-0.059376515448093414,0.5155915021896362,0.03592051938176155
63,left shoulder,0.009603708982467651,-0.42717427015304565,-0.13118159770965576,0.9424823522567749,0.5465914011001587
63,right shoulder,-0.18788588047027588,-0.3670290410518646,-0.301450252532959,0.9929497838020325,0.945397138595581
63,left hip,0.07002528011798859,-0.025486983358860016,0.062471095472574234,0.41768965125083923,0.013100923039019108
63,right hip,-0.07283808290958405,0.01918194256722927,-0.06049324944615364,0.48428478837013245,0.02807249315083027
64,left shoulder,0.010237320326268673,-0.43271273374557495,-0.12036378681659698,0.9381988048553467,0.6887352466583252
64,right shoulder,-0.18984192609786987,-0.37680867314338684,-0.2914475202560425,0.9929386973381042,0.9684343338012695
64,left hip,0.0704227015376091,-0.023348016664385796,0.06476699560880661,0.3824186325073242,0.0074562449008226395
64,right hip,-0.07315155863761902,0.016477908939123154,-0.06259987503290176,0.44871607422828674,0.015404303558170795
65,left shoulder,0.009526638314127922,-0.43626970052719116,-0.12210548669099808,0.9319906234741211,0.5834025144577026
65,right shoulder,-0.18960711359977722,-0.37426742911338806,-0.29162439703941345,0.9926818609237671,0.9440507292747498
65,left hip,0.07028702646493912,-0.022931788116693497,0.06440195441246033,0.3575347363948822,0.016729071736335754
65,right hip,-0.07304225116968155,0.01606462337076664,-0.062311410903930664,0.42675065994262695,0.03173340484499931
66,left shoulder,0.009836873039603233,-0.4397749900817871,-0.10766962915658951,0.9314756989479065,0.6951666474342346
66,right shoulder,-0.18948453664779663,-0.37999680638313293,-0.2833160161972046,0.9929161667823792,0.9684910774230957
66,left hip,0.07031159847974777,-0.0221234317868948,0.06425103545188904,0.3312472403049469,0.010726997628808022
66,right hip,-0.07306637614965439,0.015008904039859772,-0.062161557376384735,0.4021460711956024,0.020643992349505424
67,left shoulder,0.015955781564116478,-0.44420045614242554,-0.11603324860334396,0.9286003112792969,0.5678649544715881
67,right shoulder,-0.18981705605983734,-0.3826834261417389,-0.26258671283721924,0.9926221370697021,0.9404021501541138
67,left hip,0.0719410702586174,-0.022041216492652893,0.059422265738248825,0.3089672029018402,0.011852583847939968
67,right hip,-0.07459880411624908,0.01484530046582222,-0.05734066292643547,0.3800758123397827,0.02347949892282486
68,left shoulder,0.018082188442349434,-0.4490951597690582,-0.11986350268125534,0.9297026991844177,0.701572835445404
68,right shoulder,-0.1887856274843216,-0.3786674439907074,-0.2617160379886627,0.992685854434967,0.9569554328918457
68,left hip,0.07316450029611588,-0.022063497453927994,0.05509470775723457,0.29725679755210876,0.025202589109539986
68,right hip,-0.07578975707292557,0.014868376776576042,-0.053035978227853775,0.3688628673553467,0.042806267738342285
69,left shoulder,0.018207859247922897,-0.45141926407814026,-0.118797168135643,0.9307297468185425,0.7012326717376709
69,right shoulder,-0.18830271065235138,-0.37684696912765503,-0.2533590495586395,0.992368757724762,0.9389065504074097
69,left hip,0.07391463965177536,-0.022260982543230057,0.05264072120189667,0.28868815302848816,0.027844004333019257
69,right hip,-0.07658004015684128,0.014942340552806854,-0.050635840743780136,0.36180880665779114,0.04254436865448952
70,left shoulder,0.02059430629014969,-0.45038020610809326,-0.12025213986635208,0.9303447604179382,0.6048662662506104
70,right shoulder,-0.18386873602867126,-0.37602245807647705,-0.258526474237442,0.9922559857368469,0.941714882850647
70,left hip,0.07398857176303864,-0.02230435609817505,0.048601310700178146,0.2799983024597168,0.023186715319752693
70,right hip,-0.07668323069810867,0.014989085495471954,-0.04667132720351219,0.354471355676651,0.039175279438495636
71,left shoulder,0.01977044902741909,-0.43987491726875305,-0.146621972322464,0.9317871928215027,0.6998493075370789
71,right shoulder,-0.1758405566215515,-0.35319948196411133,-0.2734208405017853,0.9917280673980713,0.9199962019920349
71,left hip,0.07274729013442993,-0.02259759046137333,0.046678576618433,0.28264954686164856,0.05334954336285591
71,right hip,-0.07542610168457031,0.01524487417191267,-0.0448201484978199,0.3519980311393738,0.07553976029157639
72,left shoulder,0.005543795879930258,-0.4389384984970093,-0.14693093299865723,0.9352558255195618,0.7832079529762268
72,right shoulder,-0.17628705501556396,-0.34658992290496826,-0.2783026695251465,0.9918449521064758,0.9506496787071228
72,left hip,0.07168784737586975,-0.023378614336252213,0.04663531109690666,0.2922026216983795,0.055689286440610886
72,right hip,-0.07438042014837265,0.01594814658164978,-0.044790882617235184,0.3559997081756592,0.0795866996049881
73,left shoulder,-0.002297967206686735,-0.43730124831199646,-0.16707801818847656,0.9399241805076599,0.8890690207481384
73,right shoulder,-0.17637556791305542,-0.31849968433380127,-0.2966561019420624,0.9922367930412292,0.9654222726821899
73,left hip,0.07047563046216965,-0.025957847014069557,0.04548615962266922,0.32845038175582886,0.17044652998447418
73,right hip,-0.07318878918886185,0.01905529759824276,-0.04372192919254303,0.37877440452575684,0.18157991766929626
74,left shoulder,-0.014595676213502884,-0.436343252658844,-0.15289779007434845,0.9425241947174072,0.7420697212219238
74,right shoulder,-0.19505904614925385,-0.3228570520877838,-0.28446143865585327,0.9922797083854675,0.9313156604766846
74,left hip,0.07026341557502747,-0.02648145705461502,0.04368812218308449,0.35722559690475464,0.11004924774169922
74,right hip,-0.07299251109361649,0.019854329526424408,-0.042036477476358414,0.39953091740608215,0.13570636510849
75,left shoulder,-0.021504534408450127,-0.4347734749317169,-0.22844715416431427,0.9474330544471741,0.8843343257904053
75,right shoulder,-0.19482871890068054,-0.2718313932418823,-0.36786532402038574,0.9928086400032043,0.9603402018547058
75,left hip,0.06876616179943085,-0.03424471989274025,0.041291650384664536,0.3992345929145813,0.09043559432029724
75,right hip,-0.07144048810005188,0.029165955260396004,-0.0398770309984684,0.4286222755908966,0.08690378814935684
76,left shoulder,-0.020891008898615837,-0.39710521697998047,-0.29127657413482666,0.9505591988563538,0.7733914852142334
76,right shoulder,-0.19571314752101898,-0.24050915241241455,-0.397638201713562,0.9928857088088989,0.929351270198822
76,left hip,0.06657591462135315,-0.03734486550092697,0.03495658561587334,0.43731430172920227,0.14354945719242096
76,right hip,-0.06895072758197784,0.034055136144161224,-0.03399648144841194,0.4619370102882385,0.19901597499847412
77,left shoulder,-0.018650822341442108,-0.35956284403800964,-0.31270119547843933,0.952268123626709,0.6962442994117737
77,right shoulder,-0.20151160657405853,-0.2190748006105423,-0.4036581814289093,0.9926780462265015,0.9045738577842712
77,left hip,0.06629201769828796,-0.03861355781555176,0.031500715762376785,0.47317004203796387,0.17088031768798828
77,right hip,-0.0685180127620697,0.03640656918287277,-0.03075953759253025,0.4938977062702179,0.24257801473140717
78,left shoulder,-0.0025810152292251587,-0.3127860724925995,-0.3632514476776123,0.9548826217651367,0.916863739490509
78,right shoulder,-0.20064964890480042,-0.186101496219635,-0.4121716618537903,0.9930053949356079,0.9528269171714783
78,left hip,0.0664692372083664,-0.04236491769552231,0.03058803267776966,0.5134970545768738,0.6880170106887817
78,right hip,-0.06857161223888397,0.0415663942694664,-0.029743829742074013,0.5287334322929382,0.6691604852676392
79,left shoulder,-0.0007415591971948743,-0.3368074893951416,-0.37286266684532166,0.9588387608528137,0.9875442981719971
79,right shoulder,-0.21584239602088928,-0.18738937377929688,-0.39577752351760864,0.9936003684997559,0.9953755140304565
79,left hip,0.06792987138032913,-0.05002855509519577,0.028483156114816666,0.5495091080665588,0.9016011357307434
79,right hip,-0.06969952583312988,0.05002923682332039,-0.02748732455074787,0.5664302110671997,0.9467437863349915
80,left shoulder,-0.0011648128274828196,-0.346966415643692,-0.37771978974342346,0.962472140789032,0.990836501121521
80,right shoulder,-0.22226229310035706,-0.18958882987499237,-0.3865099847316742,0.994147539138794,0.9964879751205444
80,left hip,0.06853657960891724,-0.05439215153455734,0.02561139687895775,0.5863602757453918,0.9486436247825623
80,right hip,-0.07013503462076187,0.05453468859195709,-0.02448073774576187,0.6028972268104553,0.9692459106445312
81,left shoulder,-0.0050049591809511185,-0.3539216220378876,-0.36355796456336975,0.9657944440841675,0.9913592338562012
81,right shoulder,-0.22276438772678375,-0.1887388378381729,-0.38123470544815063,0.9946376085281372,0.9959743618965149
81,left hip,0.06848586350679398,-0.05842559412121773,0.025148214772343636,0.6194719076156616,0.9447611570358276
81,right hip,-0.07003556191921234,0.058555904775857925,-0.02396266907453537,0.6351426243782043,0.9628096222877502
82,left shoulder,-0.004382694140076637,-0.3505001664161682,-0.363121896982193,0.9688585996627808,0.9930282235145569
82,right shoulder,-0.2275068759918213,-0.19674557447433472,-0.38058406114578247,0.9951193332672119,0.9976720213890076
82,left hip,0.06989340484142303,-0.058000702410936356,0.02314368635416031,0.6507931351661682,0.9527677893638611
82,right hip,-0.0712788999080658,0.05791579931974411,-0.021912049502134323,0.6652689576148987,0.970238208770752
83,left shoulder,0.002883360255509615,-0.3510122001171112,-0.3608519732952118,0.9716753959655762,0.994263231754303
83,right shoulder,-0.225331649184227,-0.1964917629957199,-0.3798854649066925,0.9955405592918396,0.9961414933204651
83,left hip,0.07040070742368698,-0.057674895972013474,0.02292240783572197,0.6807637214660645,0.9502777457237244
83,right hip,-0.07170867919921875,0.05743807181715965,-0.021700605750083923,0.6925120949745178,0.9487596154212952
84,left shoulder,0.022370213642716408,-0.33633995056152344,-0.36496803164482117,0.9739708304405212,0.9855400919914246
84,right shoulder,-0.22401408851146698,-0.19773255288600922,-0.39218276739120483,0.995896577835083,0.9921495914459229
84,left hip,0.07168323546648026,-0.05746186524629593,0.02320810593664646,0.7033527493476868,0.8437073826789856
84,right hip,-0.07291935384273529,0.056878700852394104,-0.021977534517645836,0.7114652395248413,0.8508565425872803
85,left shoulder,0.020148152485489845,-0.3375270962715149,-0.3593805730342865,0.9763655662536621,0.9955213069915771
85,right shoulder,-0.22346098721027374,-0.1967764049768448,-0.3885784149169922,0.9962561130523682,0.9964184761047363
85,left hip,0.07180848717689514,-0.056875746697187424,0.023360662162303925,0.7270670533180237,0.9356614351272583
85,right hip,-0.07301574945449829,0.05617901682853699,-0.02213362045586109,0.733605146408081,0.9390369653701782
86,left shoulder,0.018866539001464844,-0.3399764895439148,-0.33378568291664124,0.9780911207199097,0.9760036468505859
86,right shoulder,-0.22279690206050873,-0.19958460330963135,-0.3883395791053772,0.9964900016784668,0.984569251537323
86,left hip,0.07181350141763687,-0.05644906684756279,0.023442799225449562,0.7477797269821167,0.8557187914848328
86,right hip,-0.0730271115899086,0.055647559463977814,-0.022289810702204704,0.7515143752098083,0.8492739796638489
87,left shoulder,-0.008176098577678204,-0.3653314709663391,-0.32031720876693726,0.9801154732704163,0.9971254467964172
87,right shoulder,-0.23271259665489197,-0.203107088804245,-0.366021990776062,0.9967885613441467,0.9972151517868042
87,left hip,0.07066182047128677,-0.057105764746665955,0.02353145182132721,0.76954585313797,0.9721839427947998
87,right hip,-0.07180041074752808,0.05643037334084511,-0.022377386689186096,0.7724981904029846,0.970828652381897
88,left shoulder,-0.009568562731146812,-0.3722734749317169,-0.3378789722919464,0.9817692041397095,0.9937978386878967
88,right shoulder,-0.2430449277162552,-0.21218116581439972,-0.3626871705055237,0.997009813785553,0.9961995482444763
88,left hip,0.0704101026058197,-0.05706886574625969,0.021248377859592438,0.7856078743934631,0.9753347039222717
88,right hip,-0.07153087854385376,0.05643346905708313,-0.020113075152039528,0.7896815538406372,0.9792566299438477
89,left shoulder,-0.018291067332029343,-0.3837748169898987,-0.33770236372947693,0.9834328293800354,0.9972564578056335
89,right shoulder,-0.25132936239242554,-0.2173757404088974,-0.36290356516838074,0.9972704648971558,0.998871386051178
89,left hip,0.06949693709611893,-0.05783975124359131,0.020842762663960457,0.8023138642311096,0.9731107950210571
89,right hip,-0.07058707624673843,0.057226113975048065,-0.019762951880693436,0.8069760203361511,0.9845298528671265
90,left shoulder,-0.04127540811896324,-0.38198986649513245,-0.32594719529151917,0.9850124716758728,0.9991381168365479
90,right shoulder,-0.25607022643089294,-0.2137172520160675,-0.3631575107574463,0.9975232481956482,0.9993197917938232
90,left hip,0.06832006573677063,-0.058309491723775864,0.021860599517822266,0.8196659088134766,0.9867569208145142
90,right hip,-0.06937571614980698,0.05778144299983978,-0.020709572359919548,0.8236839175224304,0.9890404343605042
91,left shoulder,-0.05321979150176048,-0.3841346204280853,-0.28352636098861694,0.9860497117042542,0.9904639720916748
91,right shoulder,-0.28746357560157776,-0.22907830774784088,-0.3347413241863251,0.9977066516876221,0.9979907274246216
91,left hip,0.06751766800880432,-0.058189161121845245,0.02215755358338356,0.8325403928756714,0.9721686244010925
91,right hip,-0.06858402490615845,0.05764743313193321,-0.021090539172291756,0.8388686776161194,0.9894507527351379
92,left shoulder,-0.07692484557628632,-0.38702672719955444,-0.2713877260684967,0.9869897365570068,0.9906837940216064
92,right shoulder,-0.29641956090927124,-0.22530469298362732,-0.3164885640144348,0.9977784752845764,0.9935845732688904
92,left hip,0.0660790279507637,-0.05925428122282028,0.022475093603134155,0.8441688418388367,0.9795522093772888
92,right hip,-0.0671444833278656,0.058872539550065994,-0.021437905728816986,0.8517584800720215,0.9878161549568176
93,left shoulder,-0.08555979281663895,-0.35597705841064453,-0.2780819833278656,0.9861579537391663,0.9072474837303162
93,right shoulder,-0.28631913661956787,-0.1723289042711258,-0.31924504041671753,0.997232973575592,0.9295077919960022
93,left hip,0.060369811952114105,-0.06036326661705971,0.02554147318005562,0.8465994000434875,0.9114000201225281
93,right hip,-0.06152983754873276,0.06011257320642471,-0.02464972995221615,0.8589274287223816,0.9372046589851379
95,left shoulder,-0.018663769587874413,-0.379558801651001,-0.27368423342704773,0.9870866537094116,0.9747664332389832
95,right shoulder,-0.23875826597213745,-0.24335138499736786,-0.33396241068840027,0.9974115490913391,0.9879883527755737
95,left hip,0.06697820872068405,-0.0478496327996254,0.028702862560749054,0.8552041053771973,0.9397740364074707
95,right hip,-0.06817318499088287,0.04751553013920784,-0.027974115684628487,0.8689769506454468,0.9674638509750366
96,left shoulder,0.005527982953935862,-0.3634844124317169,-0.2768266201019287,0.9866148829460144,0.8522073030471802
96,right shoulder,-0.2216915339231491,-0.23398959636688232,-0.3560072183609009,0.9973253607749939,0.9510975480079651
96,left hip,0.06785900890827179,-0.04618104547262192,0.02952430583536625,0.859878659248352,0.8638510704040527
96,right hip,-0.06906770914793015,0.0458211675286293,-0.028857849538326263,0.8766400814056396,0.9211713075637817
97,left shoulder,0.008855422027409077,-0.3474636971950531,-0.32137662172317505,0.9867500066757202,0.9415203332901001
97,right shoulder,-0.21836549043655396,-0.20573386549949646,-0.3716825544834137,0.9970723986625671,0.9628880023956299
97,left hip,0.068097323179245,-0.046094201505184174,0.027694981545209885,0.8679754137992859,0.9650722742080688
97,right hip,-0.06930114328861237,0.045739155262708664,-0.027102606371045113,0.8861359357833862,0.9807079434394836
98,left shoulder,0.0046804677695035934,-0.33752575516700745,-0.27361273765563965,0.9870752692222595,0.9718376398086548
98,right shoulder,-0.23066216707229614,-0.21619537472724915,-0.34518668055534363,0.9969581365585327,0.9425281286239624
98,left hip,0.07027799636125565,-0.04375660419464111,0.028941726312041283,0.8765254020690918,0.9716572165489197
98,right hip,-0.0718739852309227,0.042709048837423325,-0.02839384227991104,0.8925924301147461,0.9395280480384827
99,left shoulder,0.0021322593092918396,-0.32998713850975037,-0.2524123191833496,0.9878514409065247,0.9875537157058716
99,right shoulder,-0.23105254769325256,-0.2161477655172348,-0.30308642983436584,0.9969252943992615,0.9695605635643005
99,left hip,0.07152553647756577,-0.04437168315052986,0.02591967210173607,0.8873341083526611,0.9939894676208496
99,right hip,-0.07331542670726776,0.043122548609972,-0.025331849232316017,0.9015029072761536,0.9854220151901245
100,left shoulder,-0.07913782447576523,-0.40129074454307556,-0.0853482112288475,0.988672137260437,0.9963222742080688
100,right shoulder,-0.2516431212425232,-0.312845915555954,-0.13026897609233856,0.9969825148582458,0.9851588606834412
100,left hip,0.06286145001649857,-0.04103090986609459,0.025881262496113777,0.8965649604797363,0.9911108016967773
100,right hip,-0.0645865797996521,0.03960954770445824,-0.02531934715807438,0.9096343517303467,0.9841718077659607
101,left shoulder,-0.08806242793798447,-0.3996610641479492,-0.1322086900472641,0.9890736937522888,0.9777300357818604
101,right shoulder,-0.2508566677570343,-0.3060775101184845,-0.15579114854335785,0.9957020878791809,0.8168529868125916
101,left hip,0.05948523432016373,-0.041101135313510895,0.016908662393689156,0.9023269414901733,0.9645591378211975
101,right hip,-0.06124309450387955,0.03966346010565758,-0.01643679477274418,0.9120949506759644,0.8966519236564636
102,left shoulder,-0.09388996660709381,-0.39401975274086,-0.11520187556743622,0.9896748065948486,0.9931442737579346
102,right shoulder,-0.2346954494714737,-0.3374073803424835,-0.1628248542547226,0.9960566759109497,0.9946145415306091
102,left hip,0.04925047606229782,-0.028429128229618073,0.01941077783703804,0.909857451915741,0.9871259331703186
102,right hip,-0.050956763327121735,0.027123475447297096,-0.01896214671432972,0.9197998046875,0.9786816239356995
103,left shoulder,-0.10292831808328629,-0.39285585284233093,-0.2323152869939804,0.9905074834823608,0.9865918755531311
103,right shoulder,-0.15945737063884735,-0.32516181468963623,-0.18694555759429932,0.9957793354988098,0.9685291051864624
103,left hip,0.02735612727701664,-0.02973271906375885,-0.0156721118837595,0.9075105786323547,0.8939235210418701
103,right hip,-0.02862316556274891,0.028465546667575836,0.016060788184404373,0.915136992931366,0.8055617809295654
104,left shoulder,-0.14019781351089478,-0.3923918902873993,-0.13150113821029663,0.9911720752716064,0.9851461052894592
104,right shoulder,-0.16851304471492767,-0.33852243423461914,-0.18039964139461517,0.9960015416145325,0.9826699495315552
104,left hip,0.01809106022119522,-0.026739204302430153,-0.0005562520236708224,0.915095865726471,0.9718949198722839
104,right hip,-0.019252456724643707,0.0257701613008976,0.0009649491403251886,0.9222773313522339,0.9590869545936584
105,left shoulder,-0.15048745274543762,-0.4361669719219208,-0.09711426496505737,0.9905030727386475,0.9270541667938232
105,right shoulder,-0.148955836892128,-0.4167517423629761,-0.07308699935674667,0.9954949021339417,0.93190997838974
105,left hip,0.008841797709465027,-0.022572694346308708,-0.006904548965394497,0.9128260016441345,0.8192073702812195
105,right hip,-0.009989984333515167,0.02171710506081581,0.007204482797533274,0.9227293729782104,0.7627953290939331
106,left shoulder,-0.10433043539524078,-0.4426184296607971,-0.19488051533699036,0.9909518957138062,0.986586332321167
106,right shoulder,-0.12777934968471527,-0.3887655735015869,-0.08815059065818787,0.9943899512290955,0.8178372383117676
106,left hip,0.013812676072120667,-0.023640962317585945,-0.0058866520412266254,0.9196584224700928,0.9882595539093018
106,right hip,-0.015289449132978916,0.02274196222424507,0.006240880116820335,0.927369236946106,0.9379271268844604
107,left shoulder,-0.10298183560371399,-0.4738426208496094,-0.013896569609642029,0.9910239577293396,0.9861667156219482
107,right shoulder,-0.11783389747142792,-0.41332322359085083,-0.031002076342701912,0.9946589469909668,0.9851908087730408
107,left hip,0.013957788236439228,-0.02374875731766224,-0.0035240682773292065,0.9266973733901978,0.9874987006187439
107,right hip,-0.015219728462398052,0.02296355366706848,0.00372422207146883,0.9338739514350891,0.980541467666626
108,left shoulder,-0.10230522602796555,-0.48858028650283813,-0.03182711824774742,0.990750789642334,0.9628740549087524
108,right shoulder,-0.12640544772148132,-0.43320322036743164,-0.07702109217643738,0.993255078792572,0.8279825448989868
108,left hip,0.016814198344945908,-0.02285885438323021,-0.0025146869011223316,0.9334449172019958,0.9893258810043335
108,right hip,-0.018185624852776527,0.02214265987277031,0.002637001220136881,0.9398300051689148,0.9757375717163086
109,left shoulder,-0.038777951151132584,-0.47613853216171265,0.015202227979898453,0.9913783073425293,0.9979584217071533
109,right shoulder,-0.13047310709953308,-0.4169858694076538,-0.10327811539173126,0.9938918352127075,0.9983696341514587
109,left hip,0.03451921045780182,-0.020155038684606552,0.028678255155682564,0.939726710319519,0.998018741607666
109,right hip,-0.03558552265167236,0.019645528867840767,-0.028340816497802734,0.9455595016479492,0.9962382316589355
110,left shoulder,-0.036899372935295105,-0.4659211337566376,0.002832513302564621,0.9919790029525757,0.9972661733627319
110,right shoulder,-0.1369607150554657,-0.4396994411945343,-0.18001629412174225,0.9944819808006287,0.9984105825424194
110,left hip,0.03585277125239372,-0.014327755197882652,0.05423688143491745,0.9449255466461182,0.9956091046333313
110,right hip,-0.03681214898824692,0.013927004300057888,-0.053803589195013046,0.9505025148391724,0.9926117062568665
111,left shoulder,-0.03125888481736183,-0.45733392238616943,0.07704498618841171,0.9926572442054749,0.9986478686332703
111,right shoulder,-0.14185909926891327,-0.4487185478210449,-0.15046796202659607,0.9950263500213623,0.9994376301765442
111,left hip,0.03860058635473251,-0.010565445758402348,0.06273922324180603,0.950174868106842,0.9982649683952332
111,right hip,-0.03943036124110222,0.010217822156846523,-0.06227291747927666,0.9552873373031616,0.9976869821548462
112,left shoulder,-0.030295394361019135,-0.4537336826324463,0.047921322286129,0.9931986927986145,0.9972689747810364
112,right shoulder,-0.1450626403093338,-0.43157562613487244,-0.11967949569225311,0.9954957365989685,0.9983540773391724
112,left hip,0.03999391943216324,-0.011556451208889484,0.05711320415139198,0.9547919034957886,0.9970159530639648
112,right hip,-0.040793005377054214,0.011170442216098309,-0.056651171296834946,0.959485650062561,0.9957799911499023
114,left shoulder,0.26312902569770813,0.3368445634841919,0.009774230420589447,0.9931703805923462,0.9300016164779663
114,right shoulder,0.39976489543914795,0.21976535022258759,0.0638897493481636,0.9951343536376953,0.9704086184501648
114,left hip,-0.03396834805607796,0.029682772234082222,-0.026531219482421875,0.9586949944496155,0.9785493016242981
114,right hip,0.035252150148153305,-0.02989841066300869,0.02678261138498783,0.9627124667167664,0.9834725856781006
115,left shoulder,0.2718844413757324,0.3480454683303833,0.02408576011657715,0.9932047128677368,0.9674332737922668
115,right shoulder,0.3597920835018158,0.19645491242408752,0.042413078248500824,0.9947691559791565,0.9531717300415039
115,left hip,-0.02925553359091282,0.03938987851142883,-0.017375512048602104,0.9595706462860107,0.9537873268127441
115,right hip,0.03042742609977722,-0.039414070546627045,0.017662469297647476,0.9629477858543396,0.9470791816711426
116,left shoulder,0.26769816875457764,0.36105889081954956,-0.0768168717622757,0.9933323860168457,0.9175378084182739
116,right shoulder,0.3962189853191376,0.22999653220176697,0.008507502265274525,0.9945825338363647,0.956352949142456
116,left hip,-0.04446488246321678,0.0389777272939682,-0.03835787996649742,0.9616928100585938,0.9542363882064819
116,right hip,0.04565031826496124,-0.038601092994213104,0.03835968300700188,0.9645335078239441,0.9661225080490112
117,left shoulder,0.2524946630001068,0.3780052661895752,-0.07029704749584198,0.9931100010871887,0.8986585140228271
117,right shoulder,0.3930373191833496,0.21702410280704498,0.007707469630986452,0.9939944744110107,0.9243032932281494
117,left hip,-0.04525250941514969,0.042753033339977264,-0.03127815201878548,0.962568461894989,0.9161154627799988
117,right hip,0.04648180305957794,-0.04264798387885094,0.03140401467680931,0.9648042321205139,0.9250698089599609
118,left shoulder,0.25953489542007446,0.37035173177719116,-0.06964414566755295,0.9933223724365234,0.9424165487289429
118,right shoulder,0.40054136514663696,0.2153404951095581,0.0018035861430689692,0.9937998056411743,0.9508149027824402
118,left hip,-0.049681879580020905,0.04335060715675354,-0.03329387679696083,0.9651939272880554,0.9815636873245239
118,right hip,0.05088803917169571,-0.04342562332749367,0.03342801705002785,0.9667069315910339,0.9834144711494446
120,left shoulder,0.3281989097595215,0.30679023265838623,-0.053625185042619705,0.9938004612922668,0.9838168621063232
120,right shoulder,0.4265756607055664,0.18437816202640533,0.08637697994709015,0.9941317439079285,0.9921292066574097
120,left hip,-0.04026069492101669,0.045272402465343475,-0.04476870223879814,0.9679828882217407,0.9821661114692688
120,right hip,0.041456807404756546,-0.04527091979980469,0.045228879898786545,0.9690103530883789,0.9858657121658325
121,left shoulder,0.3390057682991028,0.3036023676395416,-0.05827263742685318,0.9940299987792969,0.956362783908844
121,right shoulder,0.4398300051689148,0.17938950657844543,0.06035918369889259,0.9939215779304504,0.9707850813865662
121,left hip,-0.04060699790716171,0.04431728273630142,-0.043122075498104095,0.9703355431556702,0.9775771498680115
121,right hip,0.04207982122898102,-0.044312529265880585,0.04356812685728073,0.9709123969078064,0.983200192451477
122,left shoulder,0.3398531675338745,0.29333004355430603,-0.014506549574434757,0.9943923354148865,0.9749040603637695
122,right shoulder,0.4226383864879608,0.17331045866012573,0.1725243330001831,0.9936623573303223,0.9872878789901733
122,left hip,-0.03897257149219513,0.042935702949762344,-0.05935070663690567,0.9727750420570374,0.9748384952545166
122,right hip,0.04037902131676674,-0.0429818294942379,0.05976787954568863,0.9728171229362488,0.9851758480072021
123,left shoulder,0.34278902411460876,0.2833569347858429,-0.025838030502200127,0.9945888519287109,0.9661293029785156
123,right shoulder,0.4252855181694031,0.1708037406206131,0.11294788122177124,0.9931823015213013,0.9703445434570312
123,left hip,-0.03800956904888153,0.041947897523641586,-0.05412698909640312,0.9748788475990295,0.9625604152679443
123,right hip,0.03949440270662308,-0.042002592235803604,0.05453077703714371,0.9741087555885315,0.9670364260673523
124,left shoulder,0.3210514783859253,0.29651889204978943,-0.011850721202790737,0.9947696328163147,0.958361029624939
124,right shoulder,0.4076683521270752,0.156418114900589,0.10344327241182327,0.9931288957595825,0.9768118262290955
124,left hip,-0.037089649587869644,0.045244134962558746,-0.052183590829372406,0.9768514037132263,0.9747827649116516
124,right hip,0.03853660821914673,-0.04518177732825279,0.052486490458250046,0.9760007262229919,0.9799498915672302
125,left shoulder,0.31578969955444336,0.31383296847343445,-0.03718090429902077,0.993455708026886,0.8028329014778137
125,right shoulder,0.41591718792915344,0.15998393297195435,0.04294256120920181,0.9922012090682983,0.9272220730781555
125,left hip,-0.036501962691545486,0.04716069623827934,-0.05175759643316269,0.9769765734672546,0.8999118804931641
125,right hip,0.03798671066761017,-0.04719145968556404,0.05207750201225281,0.9763579964637756,0.9358367919921875
126,left shoulder,0.32461583614349365,0.30592745542526245,0.005740511231124401,0.9937238097190857,0.9502426385879517
126,right shoulder,0.4019690752029419,0.15221044421195984,0.12058955430984497,0.9913271069526672,0.9288583397865295
126,left hip,-0.0361328087747097,0.04794558137655258,-0.05110558867454529,0.9776011109352112,0.9428122639656067
126,right hip,0.03763570636510849,-0.04805663973093033,0.0514390766620636,0.9763697981834412,0.9547641277313232
127,left shoulder,0.3275078237056732,0.3026430308818817,0.009010650217533112,0.9930100440979004,0.8073664307594299
127,right shoulder,0.4241378903388977,0.14789222180843353,0.11198220402002335,0.9912111759185791,0.929470419883728
127,left hip,-0.03748055174946785,0.049129895865917206,-0.0420323945581913,0.9778541922569275,0.9213555455207825
127,right hip,0.038904666900634766,-0.04942278936505318,0.04226673021912575,0.9772539138793945,0.9645686149597168
140,left shoulder,0.06769835948944092,-0.45694732666015625,-0.11371289193630219,0.9931744337081909,0.9503965973854065
140,right shoulder,-0.1809575855731964,-0.40491417050361633,-0.20432135462760925,0.9910018444061279,0.9024289846420288
140,left hip,0.09024672210216522,-0.007783866953104734,0.024406837299466133,0.8826181888580322,0.006712610367685556
140,right hip,-0.08906792849302292,-0.0007681875140406191,-0.021647050976753235,0.8820684552192688,0.006770549342036247
141,left shoulder,0.05019177123904228,-0.4676929712295532,-0.11267630010843277,0.9930309653282166,0.9219599962234497
141,right shoulder,-0.20149625837802887,-0.42020872235298157,-0.18340253829956055,0.9907181262969971,0.9005526304244995
141,left hip,0.09381468594074249,-0.012658130377531052,0.023338884115219116,0.7951250672340393,0.0018437006510794163
141,right hip,-0.09276828169822693,0.003400848712772131,-0.02059323713183403,0.7946571707725525,0.002114030998200178
142,left shoulder,0.027585888281464577,-0.46044784784317017,-0.09688033163547516,0.9905833005905151,0.8242547512054443
142,right shoulder,-0.19287286698818207,-0.42911291122436523,-0.18632924556732178,0.9852956533432007,0.6520777940750122
142,left hip,0.08950141817331314,-0.01745828241109848,0.029493464156985283,0.717247724533081,0.003696231637150049
142,right hip,-0.08874590694904327,0.007522814907133579,-0.026853611692786217,0.7169015407562256,0.002747360849753022
143,left shoulder,0.04447811841964722,-0.46461933851242065,-0.09647352248430252,0.9912412762641907,0.9824786186218262
143,right shoulder,-0.2196861207485199,-0.4115544557571411,-0.1560823768377304,0.98557448387146,0.9246088266372681
143,left hip,0.09548494964838028,-0.02124202437698841,0.028150809928774834,0.6467024087905884,0.002536384854465723
143,right hip,-0.09401357918977737,0.011078331619501114,-0.025670213624835014,0.6461175680160522,0.0018187281675636768
144,left shoulder,0.049063749611377716,-0.4778541922569275,-0.06561882793903351,0.9916258454322815,0.9785488247871399
144,right shoulder,-0.21292644739151,-0.4197998642921448,-0.14546717703342438,0.9845603704452515,0.8720062971115112
144,left hip,0.09868128597736359,-0.024332499131560326,0.028526755049824715,0.5837428569793701,0.002852656180039048
144,right hip,-0.09626656770706177,0.013822374865412712,-0.025703061372041702,0.5826100707054138,0.00192735914606601
145,left shoulder,0.05294080823659897,-0.4766617715358734,0.004000551532953978,0.9921091198921204,0.9867914915084839
145,right shoulder,-0.21060340106487274,-0.4562288820743561,-0.10646716505289078,0.9839003682136536,0.879387378692627
145,left hip,0.09972380101680756,-0.024141836911439896,0.03097357414662838,0.5276631116867065,0.003321900498121977
145,right hip,-0.09687672555446625,0.013537930324673653,-0.027786195278167725,0.5257362127304077,0.0017545518931001425
146,left shoulder,0.06338369846343994,-0.4865909516811371,-0.019208041951060295,0.992734968662262,0.9929776787757874
146,right shoulder,-0.19759608805179596,-0.43988245725631714,-0.1044258251786232,0.9838083982467651,0.907390832901001
146,left hip,0.10278778523206711,-0.023787686601281166,0.030385544523596764,0.4781772196292877,0.0046516647562384605
146,right hip,-0.09972122311592102,0.01315769087523222,-0.026914240792393684,0.47474849224090576,0.0022288584150373936
147,left shoulder,0.06240208074450493,-0.48244088888168335,-0.002683836268261075,0.9913753867149353,0.9315363764762878
147,right shoulder,-0.19746699929237366,-0.45734697580337524,-0.09797880053520203,0.9729164838790894,0.5518481135368347
147,left hip,0.10086800903081894,-0.023464573547244072,0.03437502682209015,0.4311067461967468,0.0007657143287360668
147,right hip,-0.09799084067344666,0.012847996316850185,-0.0309083703905344,0.4276866614818573,0.0003739609965123236
148,left shoulder,0.06388359516859055,-0.48441818356513977,-0.014362825080752373,0.9917369484901428,0.9807723760604858
148,right shoulder,-0.1920451819896698,-0.44435030221939087,-0.10052669048309326,0.9745460748672485,0.9548750519752502
148,left hip,0.09987088292837143,-0.023775149136781693,0.03582610562443733,0.38838544487953186,0.00041434948798269033
148,right hip,-0.09713264554738998,0.01305149495601654,-0.032233692705631256,0.3852517306804657,0.00041394581785425544
149,left shoulder,0.07563155144453049,-0.47416895627975464,-0.036568522453308105,0.992251455783844,0.9866086840629578
149,right shoulder,-0.1880456805229187,-0.4337267577648163,-0.11897619068622589,0.9765681028366089,0.9797443151473999
149,left hip,0.09996281564235687,-0.02342037297785282,0.03734413534402847,0.34979069232940674,0.0002622155880089849
149,right hip,-0.0972602590918541,0.012800859287381172,-0.03358276188373566,0.346952885389328,0.0002742671058513224
150,left shoulder,0.08574634790420532,-0.4696560800075531,-0.05699484050273895,0.9929091930389404,0.9945037364959717
150,right shoulder,-0.18831120431423187,-0.42931199073791504,-0.13855886459350586,0.9787233471870422,0.9937771558761597
150,left hip,0.10096792131662369,-0.021284203976392746,0.038206372410058975,0.31501179933547974,0.00021031798678450286
150,right hip,-0.09848366677761078,0.010516207665205002,-0.034314047545194626,0.3124386966228485,0.00022093451116234064
151,left shoulder,0.08603651076555252,-0.4800136387348175,-0.05726898834109306,0.9929707646369934,0.9613858461380005
151,right shoulder,-0.18962453305721283,-0.43033650517463684,-0.14159537851810455,0.9803264737129211,0.9782659411430359
151,left hip,0.10052001476287842,-0.021126270294189453,0.03916819021105766,0.2836993634700775,0.00020303497149143368
151,right hip,-0.09847582131624222,0.010456105694174767,-0.03541484475135803,0.2814032733440399,0.0002449305320624262
152,left shoulder,0.08676625043153763,-0.4807172417640686,-0.060842204838991165,0.9923310279846191,0.9243248701095581
152,right shoulder,-0.1910674124956131,-0.4364212453365326,-0.14104287326335907,0.9818784594535828,0.984749436378479
152,left hip,0.10018385201692581,-0.022207580506801605,0.03899293765425682,0.2554725110530853,0.00011406265548430383
152,right hip,-0.09852101653814316,0.011240405961871147,-0.03535589203238487,0.25349360704421997,0.000210906975553371
153,left shoulder,0.08663814514875412,-0.47986316680908203,-0.0590926930308342,0.9920932650566101,0.9424961805343628
153,right shoulder,-0.19017893075942993,-0.4341437518596649,-0.15525785088539124,0.9833299517631531,0.9849864840507507
153,left hip,0.09991872310638428,-0.022092783823609352,0.043655529618263245,0.23002193868160248,0.00010850623220903799
153,right hip,-0.09848454594612122,0.011157307773828506,-0.04021698608994484,0.22829793393611908,0.00016889334074221551
154,left shoulder,0.09286580979824066,-0.4768993556499481,-0.05906027555465698,0.9923003315925598,0.9758944511413574
154,right shoulder,-0.1894765943288803,-0.43263283371925354,-0.15394704043865204,0.9846444129943848,0.98912113904953
154,left hip,0.10006145387887955,-0.022013690322637558,0.043665528297424316,0.2071104496717453,7.400238973787054e-05
154,right hip,-0.09873129427433014,0.011124713346362114,-0.040275655686855316,0.20559196174144745,0.00011080245894845575
155,left shoulder,0.09351792186498642,-0.4795664846897125,-0.05811581760644913,0.9921023845672607,0.9369388222694397
155,right shoulder,-0.18861711025238037,-0.43146663904190063,-0.15889997780323029,0.9856626987457275,0.9787293672561646
155,left hip,0.09995387494564056,-0.021125726401805878,0.04398738965392113,0.18646161258220673,7.651383202755824e-05
155,right hip,-0.09876469522714615,0.010298720560967922,-0.04061443358659744,0.18511708080768585,0.00011673931294353679
156,left shoulder,0.09474186599254608,-0.47795966267585754,-0.05658487603068352,0.9923682808876038,0.9820719361305237
156,right shoulder,-0.1884404718875885,-0.4306650459766388,-0.16196931898593903,0.9867703914642334,0.9909248352050781
156,left hip,0.10090942680835724,-0.020958269014954567,0.04501691088080406,0.16791753470897675,9.061763557838276e-05
156,right hip,-0.0997048169374466,0.010219825431704521,-0.041686661541461945,0.1667541116476059,0.0001293759560212493
157,left shoulder,0.09544160962104797,-0.4767962396144867,-0.05659603327512741,0.9927308559417725,0.9850803017616272
157,right shoulder,-0.18779915571212769,-0.4302433431148529,-0.17271873354911804,0.9878561496734619,0.992456316947937
157,left hip,0.10140436887741089,-0.020315898582339287,0.0467490591108799,0.15120068192481995,7.699859997956082e-05
157,right hip,-0.10024096071720123,0.009731834754347801,-0.043418336659669876,0.1501876562833786,0.00010380738240201026
158,left shoulder,0.09686456620693207,-0.4763624966144562,-0.06127680093050003,0.9930722713470459,0.983017086982727
158,right shoulder,-0.18722137808799744,-0.42979079484939575,-0.17134840786457062,0.9888448715209961,0.9911077618598938
158,left hip,0.10134933888912201,-0.020330511033535004,0.0471046008169651,0.1361522227525711,6.430740177165717e-05
158,right hip,-0.10018742084503174,0.009810000658035278,-0.043768253177404404,0.13528065383434296,9.537897858535871e-05
159,left shoulder,0.09670460224151611,-0.47491559386253357,-0.05976182594895363,0.9926414489746094,0.9650213122367859
159,right shoulder,-0.17927519977092743,-0.4313795566558838,-0.1759067177772522,0.9895712733268738,0.9884932637214661
159,left hip,0.10128982365131378,-0.015749288722872734,0.05293762683868408,0.12263570725917816,0.0001734635588945821
159,right hip,-0.10014057159423828,0.005554406438022852,-0.049300506711006165,0.12192187458276749,0.00024589619715698063
160,left shoulder,0.09617764502763748,-0.4689355492591858,-0.05781332403421402,0.9926435947418213,0.9787978529930115
160,right shoulder,-0.17585626244544983,-0.4310547411441803,-0.1741897463798523,0.990236759185791,0.9900908470153809
160,left hip,0.10103558748960495,-0.011077813804149628,0.05827818065881729,0.11047090590000153,0.00019345096370670944
160,right hip,-0.09963905066251755,0.0010433209827169776,-0.054183702915906906,0.10985682159662247,0.0002379872021265328
161,left shoulder,0.09647879004478455,-0.46699726581573486,-0.05307130888104439,0.9930081367492676,0.9895994663238525
161,right shoulder,-0.175846666097641,-0.43076378107070923,-0.1761162281036377,0.9910048842430115,0.9945566654205322
161,left hip,0.10110349208116531,-0.011224604211747646,0.05858845263719559,0.09951335936784744,0.00010939993080683053
161,right hip,-0.09972016513347626,0.0011828471906483173,-0.0546276681125164,0.09900793433189392,0.00013410583778750151
162,left shoulder,0.10014670342206955,-0.4612204134464264,-0.05699843913316727,0.9934462308883667,0.9924136996269226
162,right shoulder,-0.1766749620437622,-0.4297979176044464,-0.17745813727378845,0.9917540550231934,0.9960415363311768
162,left hip,0.10213219374418259,-0.011377861723303795,0.05803459882736206,0.08961320668458939,5.3318228310672566e-05
162,right hip,-0.10049288719892502,0.001419978914782405,-0.05412483587861061,0.08918117731809616,7.029582047834992e-05
163,left shoulder,0.09990597516298294,-0.45629122853279114,-0.05635843798518181,0.9938599467277527,0.9932460188865662
163,right shoulder,-0.1768244206905365,-0.43052995204925537,-0.18364065885543823,0.9924955368041992,0.9979750514030457
163,left hip,0.10210464894771576,-0.011493288911879063,0.06084897369146347,0.08071167021989822,8.509514736942947e-05
163,right hip,-0.10046543926000595,0.0015278797363862395,-0.05690501630306244,0.0803646370768547,0.00012214943126309663
164,left shoulder,0.09620843827724457,-0.455965131521225,-0.05428231507539749,0.9940855503082275,0.991262674331665
164,right shoulder,-0.17664769291877747,-0.4306643307209015,-0.18733859062194824,0.9931588172912598,0.9982836246490479
164,left hip,0.10187383741140366,-0.01109987311065197,0.06522535532712936,0.07269316911697388,0.00011719537724275142
164,right hip,-0.10014108568429947,0.0011333266738802195,-0.061051998287439346,0.07242107391357422,0.00017786669195629656
165,left shoulder,0.09112613648176193,-0.45524725317955017,-0.04732361435890198,0.9938043355941772,0.9825209975242615
165,right shoulder,-0.17386427521705627,-0.43105730414390564,-0.18684124946594238,0.9935991168022156,0.9956705570220947
165,left hip,0.10031425952911377,-0.01024473737925291,0.06771355867385864,0.06550797820091248,0.0002116156101692468
165,right hip,-0.09854701161384583,0.00024804341956041753,-0.06346988677978516,0.0652952641248703,0.00028435795684345067
166,left shoulder,0.09108386933803558,-0.4553051292896271,-0.04212075471878052,0.9934936761856079,0.9852967858314514
166,right shoulder,-0.171327143907547,-0.4348703920841217,-0.18498024344444275,0.9940102696418762,0.9962691068649292
166,left hip,0.09959860146045685,-0.010301110334694386,0.06803001463413239,0.05907326564192772,0.00025895150611177087
166,right hip,-0.09779245406389236,0.00030170485842972994,-0.06385443359613419,0.05893703177571297,0.00034708561724983156
167,left shoulder,0.09192506968975067,-0.45575210452079773,-0.04419640079140663,0.9927469491958618,0.9602615833282471
167,right shoulder,-0.17027275264263153,-0.4359709322452545,-0.18401804566383362,0.9941785335540771,0.989492654800415
167,left hip,0.0995074212551117,-0.0099916011095047,0.06770426779985428,0.053227219730615616,0.0001387896918458864
167,right hip,-0.09776213765144348,-8.306703966809437e-05,-0.06356044858694077,0.053129278123378754,0.0001846913801273331
168,left shoulder,0.09112794697284698,-0.45724549889564514,-0.04042087867856026,0.992513120174408,0.976662278175354
168,right shoulder,-0.1702045351266861,-0.43761441111564636,-0.1835598200559616,0.9945086240768433,0.9936274290084839
168,left hip,0.0988430604338646,-0.010026184841990471,0.06787335127592087,0.04800775647163391,0.00020782442879863083
168,right hip,-0.09737084805965424,-4.8598954890621826e-05,-0.06384499371051788,0.047980695962905884,0.00026084439014084637
169,left shoulder,0.09035616368055344,-0.4578908085823059,-0.04069468006491661,0.9923208951950073,0.9779853820800781
169,right shoulder,-0.17130957543849945,-0.4375879466533661,-0.18314611911773682,0.9947791695594788,0.9931564927101135
169,left hip,0.09821365028619766,-0.010845281183719635,0.06756344437599182,0.043271660804748535,0.0001217624158016406
169,right hip,-0.09690923988819122,0.0006858145352452993,-0.0635443702340126,0.04327761009335518,0.00015790427278261632
170,left shoulder,0.09037237614393234,-0.45801910758018494,-0.0349472314119339,0.9915868043899536,0.9757127165794373
170,right shoulder,-0.16649793088436127,-0.44136443734169006,-0.17109200358390808,0.9947658181190491,0.9913302659988403
170,left hip,0.09666462987661362,-0.01075931079685688,0.06741956621408463,0.039140619337558746,0.0004977408098056912
170,right hip,-0.09540008008480072,0.0005824926192872226,-0.063419409096241,0.03917815163731575,0.0005732114077545702
171,left shoulder,0.0906035453081131,-0.46027472615242004,-0.03261842206120491,0.9909650683403015,0.9670202732086182
171,right shoulder,-0.1662568897008896,-0.4418330788612366,-0.17030781507492065,0.994942843914032,0.9921849370002747
171,left hip,0.09577969461679459,-0.01100044697523117,0.0672113448381424,0.035353317856788635,0.0002437017683405429
171,right hip,-0.0948239341378212,0.0007385516073554754,-0.0632651075720787,0.03545781224966049,0.00032025459222495556
172,left shoulder,0.1002923846244812,-0.45611873269081116,-0.03209865093231201,0.9915291666984558,0.995087206363678
172,right shoulder,-0.1663641631603241,-0.44172874093055725,-0.17053265869617462,0.9953234195709229,0.9982307553291321
172,left hip,0.09857232868671417,-0.011422711424529552,0.06558641046285629,0.03188816085457802,7.383948832284659e-05
172,right hip,-0.09719108790159225,0.0012119434541091323,-0.06183817237615585,0.03201669082045555,0.00010143987310584635
173,left shoulder,0.11318626254796982,-0.4515954256057739,-0.04300209879875183,0.9921054244041443,0.9946078062057495
173,right shoulder,-0.1678769886493683,-0.43780753016471863,-0.17060504853725433,0.9956911206245422,0.9984328150749207
173,left hip,0.10243156552314758,-0.012453132309019566,0.058905813843011856,0.028743278235197067,3.7644054827978835e-05
173,right hip,-0.10072494298219681,0.0023466157726943493,-0.055418722331523895,0.02887873351573944,5.7164914323948324e-05
174,left shoulder,0.11225525289773941,-0.4518265724182129,-0.05647436901926994,0.9921643137931824,0.9787640571594238
174,right shoulder,-0.169514998793602,-0.43793684244155884,-0.16803012788295746,0.9958676695823669,0.9938772320747375
174,left hip,0.1023121178150177,-0.012919396162033081,0.055447954684495926,0.02595788612961769,0.0001348512596450746
174,right hip,-0.10062310099601746,0.002910638228058815,-0.05200793221592903,0.026111219078302383,0.00019379990408197045
175,left shoulder,0.11428194493055344,-0.4492974579334259,-0.05738110467791557,0.9924686551094055,0.98867267370224
175,right shoulder,-0.16867320239543915,-0.43792101740837097,-0.16883845627307892,0.9960842132568359,0.9960501790046692
175,left hip,0.10227420181035995,-0.012934841215610504,0.05530494824051857,0.023466579616069794,0.00012141018669353798
175,right hip,-0.10057448595762253,0.0029573217034339905,-0.051878705620765686,0.02364894561469555,0.00017412492888979614
176,left shoulder,0.11179665476083755,-0.45186224579811096,-0.04534411430358887,0.9923188090324402,0.9763644337654114
176,right shoulder,-0.16035787761211395,-0.43935996294021606,-0.17155708372592926,0.9961864352226257,0.9927821159362793
176,left hip,0.0994885042309761,-0.012508600950241089,0.05867690220475197,0.021228013560175896,0.000157013040734455
176,right hip,-0.09808997064828873,0.002438201569020748,-0.055233124643564224,0.02147207409143448,0.00021923478925600648
177,left shoulder,0.10701252520084381,-0.45783016085624695,-0.03573993593454361,0.9912697076797485,0.9534041285514832
177,right shoulder,-0.15743467211723328,-0.4409855604171753,-0.17092058062553406,0.9960370063781738,0.9856107234954834
177,left hip,0.0962454229593277,-0.012550869956612587,0.06019644811749458,0.019265610724687576,0.0002052044146694243
177,right hip,-0.09559348225593567,0.002411158988252282,-0.05679874122142792,0.019574720412492752,0.00025709124747663736
178,left shoulder,0.10672399401664734,-0.45753371715545654,-0.026583725586533546,0.9908978343009949,0.9745779037475586
178,right shoulder,-0.15561683475971222,-0.4421158730983734,-0.17094211280345917,0.9959876537322998,0.9904857277870178
178,left hip,0.09625924378633499,-0.012351454235613346,0.06102222949266434,0.017591334879398346,0.0002674598654266447
178,right hip,-0.0955859050154686,0.0022741069551557302,-0.05767694488167763,0.018027210608124733,0.00036348088178783655
179,left shoulder,0.10908560454845428,-0.456417441368103,-0.027912339195609093,0.9912707805633545,0.9898884892463684
179,right shoulder,-0.1560932993888855,-0.44191139936447144,-0.17114654183387756,0.996192991733551,0.9965583682060242
179,left hip,0.09742913395166397,-0.012385949492454529,0.06097434088587761,0.015929268673062325,9.764265269041061e-05
179,right hip,-0.09660405665636063,0.0023100171238183975,-0.057638198137283325,0.016383590176701546,0.00013404243509285152
180,left shoulder,0.10930635035037994,-0.4558676779270172,-0.0351753905415535,0.9915089011192322,0.9849326014518738
180,right shoulder,-0.16302581131458282,-0.44047385454177856,-0.16919435560703278,0.996365487575531,0.9956668615341187
180,left hip,0.09771855920553207,-0.013843578286468983,0.05940286070108414,0.014441430568695068,0.00011078946408815682
180,right hip,-0.09693469852209091,0.003585025668144226,-0.05611042678356171,0.01491065789014101,0.00016634399071335793
181,left shoulder,0.10912217944860458,-0.4560201168060303,-0.03644096106290817,0.9917848110198975,0.9857107996940613
181,right shoulder,-0.16356438398361206,-0.4389932453632355,-0.1675076186656952,0.9965047836303711,0.9949933886528015
181,left hip,0.09782933443784714,-0.014295527711510658,0.058917053043842316,0.013104853220283985,0.00011153177911182866
181,right hip,-0.09699414670467377,0.004038084764033556,-0.05560721084475517,0.013594296760857105,0.0001582079567015171
