frame,sway_index,Posture_Deviatation,CoM_Distance,sway_deviation,posture_deviation_deviation,com_distance_deviation
0,0.0,0.06707850804807261,0.0003246610106512251,0.0008045770311564408,0.006459404186812692,0.002606639130724964
1,0.0,0.06464163997760188,0.00027089087712747246,0.0008045770311564408,0.008896272257283427,0.0026604092642487165
2,0.0,0.06309196864321538,0.00024145941583820303,0.0008045770311564408,0.01044594359166992,0.002689840725537986
3,0.0,0.0596725984451323,0.0002352173199018927,0.0008045770311564408,0.013865313789753003,0.0026960828214742964
4,0.0,0.060100295836803465,0.00022383613120883616,0.0008045770311564408,0.013437616398081838,0.0027074640101673528
5,0.0,0.06071769611928653,0.00024333980748977312,0.0008045770311564408,0.012820216115598776,0.002687960333886416
6,0.0,0.05980108923195712,0.00022515321114208834,0.0008045770311564408,0.01373682300292818,0.0027061469302341007
7,0.0,0.05906101688319397,0.0002585859127193193,0.0008045770311564408,0.014476895351691332,0.0026727142286568696
8,0.0,0.05797018955526219,0.0002467635727178667,0.0008045770311564408,0.015567722679623114,0.002684536568658322
9,0.0,0.057876715921841765,0.00023429896337474212,0.0008045770311564408,0.015661196313043538,0.002697001178001447
10,0.0,0.0581629162019119,0.00023239456444420635,0.0008045770311564408,0.015374996032973404,0.002698905576931983
11,0.0,0.05878846399989972,0.00020145474832485916,0.0008045770311564408,0.014749448234985585,0.0027298453930513296
12,0.0,0.05676773526413912,0.00021234222015466898,0.0008045770311564408,0.016770176970746183,0.00271895792122152
13,0.0,0.0565932629346373,0.00020048519067263556,0.0008045770311564408,0.016944649300248,0.0027308149507035535
14,0.0,0.05698627501859008,0.00018314551001540034,0.0008045770311564408,0.016551637216295226,0.002748154631360789
15,0.0,0.05907368287207258,0.0001777982034848076,0.0008045770311564408,0.01446422936281272,0.0027535019378913815
16,0.0,0.05953685697974031,0.00016993229008631987,0.0008045770311564408,0.014001055255144994,0.002761367851289869
17,0.0,0.05944196261151872,0.0001532229557716863,0.0008045770311564408,0.014095949623366584,0.0027780771856045026
18,0.0,0.05929574129709848,0.00013778513257010187,0.0008045770311564408,0.014242170937786826,0.0027935150088060873
19,0.0,0.05895920156064695,0.00013499648649454234,0.0008045770311564408,0.014578710674238354,0.0027963036548816467
20,0.0,0.05845595834815879,0.00013027052404834558,0.0008045770311564408,0.015081953886726514,0.0028010296173278434
21,0.0,0.05794939691910417,0.00012693813470507055,0.0008045770311564408,0.015588515315781135,0.0028043620066711184
22,0.0,0.057888349169589785,0.00012286676657839428,0.0008045770311564408,0.015649563065295517,0.0028084333747977947
23,0.0,0.05789263773973255,0.0001079123608472434,0.0008045770311564408,0.015645274495152753,0.0028233877805289454
24,0.0,0.0577787163609597,9.969582642821449e-05,0.0008045770311564408,0.015759195873925602,0.0028316043149479745
25,0.0,0.05750588988443371,8.926514086710333e-05,0.0008045770311564408,0.01603202235045159,0.0028420350005090855
26,0.0,0.056572770633568796,7.699373469724319e-05,0.0008045770311564408,0.016965141601316507,0.0028543064066789458
27,0.0,0.05639459869260161,4.9170919305763504e-05,0.0008045770311564408,0.01714331354228369,0.0028821292220704256
28,0.0,0.05475291914181115,4.6617683589808556e-05,0.0008045770311564408,0.018784993093074152,0.0028846824577863804
29,0.00012061323368950605,0.05529865483709311,4.445470427800704e-05,0.0006839637974669348,0.01823925739779219,0.0028868454370981817
30,0.00010765385605399795,0.05584932343310742,0.0,0.0006969231751024429,0.017688588801777885,0.002931300141376189
31,0.0001017561514826709,0.05527428656549854,2.8629202484643537e-05,0.00070282087967377,0.01826362566938676,0.0029026709388915452
32,0.00010035592833349727,0.055153198014216684,3.8120240351520913e-05,0.0007042211028229435,0.01838471422066862,0.002893179901024668
33,0.0001007976534654916,0.05492249420256714,4.590326914947356e-05,0.0007037793776909492,0.018615418032318164,0.0028853968722267155
34,0.00010160198456814537,0.05441429583673655,6.100767970223828e-05,0.0007029750465882955,0.019123616398148753,0.002870292461673951
35,0.00010096605721565487,0.05421886097048317,9.010735378564951e-05,0.000703610973940786,0.019319051264402136,0.0028411927875905394
36,0.0001027110210157813,0.048080175219169685,0.0001328155792793622,0.0007018660101406596,0.025457737015715617,0.002798484562096827
37,0.00010307988496478714,0.04511550315806811,0.00014653422509995374,0.0007014971461916537,0.028422409076817194,0.0027847659162762353
38,0.00010596461428986038,0.045105913732043784,0.00021336353114507846,0.0006986124168665805,0.02843199850284152,0.0027179366102311107
39,0.00010699690575680382,0.04494149559444852,0.00019520848888236752,0.000697580125399637,0.02859641664043678,0.0027360916524938215
40,0.00010987591610528084,0.04229996305908491,0.00027442083871393396,0.0006947011150511599,0.031237949175800396,0.002656879302662255
41,0.00011406445156620185,0.04367600786784135,0.0002696734164343922,0.000690512579590239,0.029861904367043952,0.002661626724941797
42,0.00012652539065492163,0.04467368226810706,0.0003721294370760756,0.0006780516405015192,0.028864229966778246,0.0025591707043001134
43,0.00016043851286288676,0.04751464090631504,0.000577506201831772,0.0006441385182935541,0.026023271328570262,0.002353793939544417
44,0.0001879342605351053,0.048461752266719976,0.0005952640749169362,0.0006166427706213356,0.025076159968165326,0.0023360360664592527
45,0.0002095637671826182,0.053061404920525836,0.0005829965097778202,0.0005950132639738226,0.020476507314359467,0.0023483036315983686
46,0.00022851205078434314,0.053749514774990056,0.0005908215608792511,0.0005760649803720977,0.019788397459895246,0.002340478580496938
47,0.00024169067602210835,0.05496241130023132,0.000537902399119509,0.0005628863551343325,0.01857550093465398,0.00239339774225668
48,0.00024978338382799446,0.06475212146609255,0.0004790913380538329,0.0005547936473284463,0.008785790768792753,0.002452208803322356
49,0.00025489234559627653,0.06523090904071303,0.00043432137152188085,0.0005496846855601643,0.008307003194172269,0.0024969787698543083
50,0.00025804473825489984,0.06619608863639444,0.00039605316958892537,0.000546532292901541,0.007341823598490865,0.0025352469717872636
51,0.0002594198739650386,0.06873029142894987,0.0003452157923327549,0.0005451571571914021,0.004807620805935428,0.002586084349043434
52,0.0002601630122797426,0.06808445982277904,0.00034434215769028377,0.0005444140188766982,0.005453452412106263,0.0025869579836859053
53,0.00026051546312871724,0.0687434962745832,0.0003159546124229888,0.0005440615680277236,0.004794415960302098,0.0026153455289532
54,0.000262051291627552,0.06781199317782097,0.0003262214183005663,0.0005425257395288888,0.005725919057064335,0.0026050787230756226
55,0.00026516667344044875,0.06239570248323931,0.00037438166848850584,0.0005394103577159921,0.011142209751645996,0.002556918472887683
56,0.00027284981074204726,0.061853738549413464,0.0004748873296407962,0.0005317272204143936,0.011684173685471838,0.0024564128117353927
57,0.0002831946559445605,0.061035285841351476,0.0005532018235989159,0.0005213823752118804,0.012502626393533826,0.002378098317777273
58,0.0002964731495478412,0.05957315870329996,0.0006284958585356185,0.0005081038816085997,0.013964753531585342,0.0023028042828405703
59,0.00031764575763956016,0.06008731492864314,0.0007685848160644509,0.00048693127351688066,0.013450597306242165,0.002162715325311738
60,0.00034099825659526854,0.05921352638796799,0.0008765950712168784,0.0004635787745611723,0.014324385846917316,0.0020547050701593106
61,0.0003737784901746568,0.0533033702044163,0.001075855188266287,0.00043079854098178403,0.020234542030469004,0.001855444953109902
62,0.0004178700659925329,0.04347472611818117,0.0013192160034415546,0.0003867069651639079,0.03006318611670413,0.0016120841379346344
63,0.00047006118109832245,0.03996582058016158,0.0015341822001596808,0.00033451585005811837,0.033572091654723725,0.0013971179412165082
64,0.0005287683598999331,0.04038604423661559,0.0017245437947538053,0.00027580867125650773,0.03315186799826971,0.0012067563466223836
65,0.0005730113463630889,0.04855911613467156,0.0016761204245433036,0.0002315656847933519,0.024978796100213745,0.0012551797168328853
66,0.0006077219324074587,0.048342670375992075,0.0016261620931268515,0.0001968550987489821,0.025195241858893228,0.0013051380482493374
67,0.0006323808688624487,0.04813570592587526,0.0015408524479243579,0.00017219616229399216,0.025402206309010043,0.001390447693451831
68,0.0006487561673289144,0.04555906662205587,0.001435521532336375,0.00015582086382752642,0.027978845612829435,0.001495778609039814
69,0.0006703122049650237,0.03893155540240759,0.001526291774507791,0.00013426482619141708,0.03460635683247771,0.001405008366868398
70,0.000691511273147093,0.038285878194428344,0.0014840360425565028,0.00011306575800934787,0.03525203404045696,0.0014472640988196861
71,0.0007118760432825791,0.03745380663819845,0.0015171596750915884,9.270098787386174e-05,0.03608410559668685,0.0014141404662846005
72,0.000724570951543667,0.037939642907028774,0.0013778670212174062,8.000607961277382e-05,0.03559826932785653,0.0015534331201587828
73,0.0007257337218578529,0.03924582695220466,0.0013724196674413578,7.884330929858793e-05,0.03429208528268064,0.0015588804739348312
74,0.0007241530044278379,0.039536132758745283,0.0014156677496383455,8.04240267286029e-05,0.03400177947614002,0.0015156323917378434
75,0.0007191091495111196,0.047834493547352044,0.0014554351121758434,8.546788164532119e-05,0.025703418687533258,0.0014758650292003455
76,0.0007089736766041299,0.04713409134942547,0.0014813957756337648,9.560335455231089e-05,0.026403820885459832,0.001449904365742424
77,0.0006958060220922457,0.047678546688241605,0.001556994002008844,0.00010877100906419516,0.025859365546643698,0.001374306139367345
78,0.0006842244119340202,0.049102537834939834,0.0016477441501539238,0.00012035261922242063,0.02443537439994547,0.001283555991222265
79,0.0006698955222286757,0.04885564812879449,0.001692226113248721,0.00013468150892776516,0.024682264106090812,0.001239074028127468
80,0.0006575392410587257,0.04869229432173445,0.001733921925882776,0.00014703779009771515,0.024845617913150854,0.0011973782154934129
81,0.0006470926160677855,0.04877693226681172,0.0017848615646082096,0.00015748441508865534,0.024760979968073582,0.0011464385767679794
82,0.0006282538421034125,0.04986581373398691,0.0016842207929774952,0.00017632318905302837,0.023672098500898395,0.0012470793483986937
83,0.0006056183863599084,0.049919747196681935,0.001584588241757032,0.0001989586447965324,0.023618165038203368,0.001346711899619157
84,0.0005791935595151135,0.04979047950155807,0.0014365632783402075,0.00022538347164132735,0.02374743273332723,0.0014947368630359814
85,0.0005531621921725869,0.04648610579566506,0.001063658289152581,0.0002514148389838539,0.02705180643922024,0.0018676418522236078
86,0.0005656930604971739,0.04789717259886292,0.0007107137180963191,0.0002388839706592669,0.025640739636022383,0.0022205864232798696
87,0.0006238725304252156,0.04897379117465365,0.0008881526213385904,0.0001807045007312252,0.024564121060231654,0.0020431475200375984
88,0.0007186824384850775,0.049751763898456085,0.001190937149015177,8.589459267136336e-05,0.023786148336429218,0.001740362992361012
89,0.0008070211513454612,0.05092035064763932,0.0012669824785107918,2.4441201890204036e-06,0.022617561587245982,0.0016643176628653971
90,0.0008698431961285829,0.0505557870323434,0.0010640830908222455,6.526616497214209e-05,0.022982125202541906,0.0018672170505539434
91,0.0009221509392143323,0.05168902437586853,0.0009222963150770106,0.00011757390805789151,0.021848887859016772,0.0020090038262991785
92,0.0009590274515565227,0.050432540089335495,0.000828760350118509,0.00015445042040008192,0.023105372145549807,0.00210253979125768
93,0.0009728243434268107,0.046460054380840485,0.0006456561742219222,0.00016824731227036988,0.027077857854044818,0.002285643967154267
94,0.0009846749056984093,0.05488202187770026,0.0007595359234676715,0.0001800978745419685,0.01865589035718504,0.0021717642179085173
95,0.0009943147262131866,0.05470867780307982,0.0008434088553895552,0.00018973769505674582,0.01882923443180548,0.002087891285986634
96,0.0010052569502277734,0.05411010693523224,0.0010381311087741022,0.00020067991907133254,0.019427805299653066,0.0018931690326020867
97,0.0010157435060585741,0.04211611403616125,0.0011822396043462385,0.0002111664749021333,0.03142179819872405,0.0017490605370299504
98,0.0010230654701220301,0.036827808499381956,0.001317680682767486,0.00021848843896558933,0.03671010373550335,0.0016136194586087028
99,0.0010264694875193425,0.035822916387328346,0.001331477260712958,0.0002218924563629017,0.037714995847556956,0.001599822880663231
100,0.0010266223510978047,0.036814135333771245,0.0012602085790370447,0.0002220453199413639,0.03672377690111406,0.0016710915623391442
101,0.001020961994285833,0.0388888207573995,0.00123306779534491,0.00021638496312939223,0.0346490914774858,0.001698232346031279
102,0.0010128935181477553,0.04095978515730955,0.0012052317058477279,0.00020831648699131452,0.03257812707757575,0.001726068435528461
103,0.0010012053279493391,0.0473603783283572,0.0011792331501687722,0.00019662829679289832,0.026177533906528105,0.0017520669912074167
104,0.0009845436388571098,0.04857464163277895,0.0011491536723733534,0.00017996660770066902,0.024963270602106354,0.0017821464690028356
105,0.0009610258909885899,0.04477823866469541,0.0011400394034920005,0.00015644885983214906,0.028759673570189895,0.0017912607378841885
106,0.0009327395191452564,0.04557938855830875,0.0009981584439961511,0.0001281624879888156,0.02795852367657655,0.0019331416973800378
107,0.0009033326368360118,0.04630510235608548,0.0006533506462995892,9.875560567957102e-05,0.02723280987879982,0.0022779494950766
108,0.0008735326650160091,0.045125615477941146,0.0005661944254439842,6.895563385956823e-05,0.028412296756944157,0.0023651057159322047
109,0.0008466904919331053,0.04457478912084361,0.0005916840182864793,4.2113460776664526e-05,0.028963123114041693,0.0023396161230897095
110,0.0008169866112695358,0.04313336487332823,0.0006198348839261801,1.240958011309494e-05,0.030404547361557073,0.0023114652574500088
111,0.0007785085768979192,0.040806264304042154,0.0006272115289660643,2.6068454258521608e-05,0.03273164793084315,0.0023040886124101245
112,0.0007479267133331887,0.041114348022365764,0.0006897088143567993,5.6650317823252086e-05,0.03242356421251954,0.0022415913270193897
113,0.0007266344118365743,0.040866236572782294,0.0008041977911388994,7.794261931986656e-05,0.03267167566210301,0.0021271023502372893
114,0.0007125977957184301,0.04096033914384554,0.0008032093792365083,9.197923543801073e-05,0.032577573091039765,0.0021280907621396804
115,0.0007378780272598621,0.038647302856791445,0.0011369027459661295,6.669900389657873e-05,0.03489060937809386,0.0017943973954100594
116,0.0007832422940438603,0.03446644905470916,0.0013855501283406954,2.1334737112580523e-05,0.039071463180176146,0.0015457500130354935
117,0.0008115497513625162,0.03245281002173823,0.0014619728246557072,6.972720206075388e-06,0.041085102213147075,0.0014693273167204817
118,0.0008226861983411412,0.03133019088374975,0.0017120683021005325,1.8109167184700422e-05,0.042207721351135555,0.0012192318392756564
119,0.0008330646593952223,0.030364643884057827,0.0019528422997047647,2.8487628238781527e-05,0.04317326835082748,0.0009784578416714242
120,0.0008409725130632455,0.032796693058670855,0.001894512829657429,3.6395481906804656e-05,0.04074121917621445,0.00103678731171876
121,0.0008424172499273023,0.035712724911626706,0.0018466901623966025,3.784021877086148e-05,0.0378251873232586,0.0010846099789795865
122,0.0008355402584211653,0.042096391766464555,0.0016193810374725667,3.096322726472446e-05,0.03144152046842075,0.0013119191039036222
123,0.0008380305219020931,0.04431202070060002,0.0014043312321678427,3.345349074565225e-05,0.02922589153428528,0.0015269689092083463
124,0.0008441494394776304,0.046387416260471694,0.0013720614861101957,3.9572408321189557e-05,0.02715049597441361,0.0015592386552659933
125,0.0008493517543963174,0.04815581472178592,0.0012164507364065904,4.4774723239876545e-05,0.02538209751309938,0.0017148494049695985
126,0.0008516766591155755,0.049551113373877985,0.0010797728936383691,4.709962795913466e-05,0.023986798861007318,0.0018515272477378198
127,0.0008640068546810849,0.05417134080707683,0.0011761413151988218,5.942982352464404e-05,0.019366571427808475,0.0017551588261773671
128,0.0008826345755941784,0.057175037596010836,0.0011998368992552687,7.80575444377376e-05,0.016362874638874467,0.0017314632421209202
129,0.0008988975471455986,0.05966991931500519,0.0011962420532509342,9.432051598915782e-05,0.013867992919880112,0.0017350580881252547
130,0.0009089143768078956,0.06050449803727747,0.001091244613421386,0.00010433734565145475,0.013033414197607833,0.0018400555279548029
131,0.0009178067855053096,0.0652122082969371,0.000936384700973421,0.00011322975434886881,0.008325703937948209,0.001994915440402768
132,0.0009248300681373588,0.06687148803478078,0.0009344787485286828,0.00012025303698091796,0.00666642420010452,0.001996821392847506
133,0.0009315793951564162,0.07107068196186925,0.0009093154935481572,0.00012700236399997543,0.002467230273016055,0.0020219846478280318
134,0.0009403266603792874,0.07283213074727918,0.0008641165175684269,0.00013574962922284657,0.0007057814876061247,0.002067183623807762
135,0.0009494671298059587,0.07271773537141807,0.0008420614253418873,0.00014489009864951787,0.0008201768634672341,0.0020892387160343015
136,0.0009603351935454507,0.07614960522234691,0.0008296544629294249,0.00015575816238900988,0.0026116929874616113,0.002101645678446764
137,0.0009687828046455843,0.0756738199622731,0.0008231537566468598,0.00016420577348914345,0.0021359077273877952,0.002108146384729329
138,0.0009715494934891687,0.07453104449640335,0.0008268624111551212,0.00016697246233272791,0.000993132261518051,0.002104437730221068
139,0.0009672842415553615,0.07358148191361008,0.000856877238640757,0.00016270721039892072,4.3569678724778016e-05,0.002074422902735432
140,0.0009592976242030157,0.08072439892505255,0.0008812982879981714,0.00015472059304657486,0.007186486690167249,0.0020500018533780176
141,0.0009501862530673493,0.08380701545967098,0.0008964363535916575,0.00014560922191090848,0.010269103224785678,0.0020348637877845317
142,0.0009327842220634132,0.07386809071597286,0.0008194580061806873,0.0001282071909069724,0.0003301784810875591,0.0021118421351955016
143,0.000903061203193346,0.07020010867658821,0.0007782337992577341,9.848417203690515e-05,0.0033378035582970894,0.0021530663421184546
144,0.0008705971887811289,0.06659448409580006,0.0007931274689936993,6.602015762468812e-05,0.006943428139085245,0.0021381726723824898
145,0.0008210093490353597,0.059021938627373406,0.0007830654617237691,1.643231787891886e-05,0.014515973607511896,0.00214823467965242
146,0.0007601188030948203,0.05806243300736273,0.0007840769031115677,4.445822806162052e-05,0.01547547922752257,0.0021472232382646213
147,0.0007059116048053184,0.05671297320980273,0.0006977217189131048,9.866542635112243e-05,0.016824939025082572,0.002233578422463084
148,0.0006488934622056324,0.05651352456192852,0.0006841792955354428,0.00015568356895080844,0.017024387672956783,0.002247120845840746
149,0.0005838270471994278,0.0646281970230253,0.0004415031620811061,0.000220749983957013,0.00890971521186,0.002489796979295083
150,0.0005257053355643515,0.06553869923495229,0.0003284251501666698,0.00027887169559208933,0.007999212999933017,0.0026028749912095192
151,0.0004682400325337537,0.0692695549122042,0.00041078463638422215,0.0003363369986226871,0.0042683573226811045,0.0025205155049919667
152,0.0004346146411733306,0.06735075545914672,0.0005468383561606076,0.0003699623899831102,0.006187156775738584,0.0023844617852155814
153,0.0004385752521917473,0.07231688540118825,0.000692327562908994,0.0003660017789646935,0.0012210268336970559,0.002238972578467195
154,0.00045367513947264633,0.07558840429665531,0.0007640995986072002,0.0003509018916837945,0.0020504920617700068,0.002167200542768989
155,0.00047368693428893595,0.08826273136924044,0.000755585419731721,0.0003308900968675049,0.014724819134355138,0.0021757147216444677
156,0.0004814607796017301,0.09347540339340568,0.0004917939995583428,0.00032311625155471074,0.01993749115852038,0.0024395061418178462
157,0.00047296492253998465,0.09458062343047326,0.0002812952641979639,0.00033161210861645617,0.021042711195587954,0.002650004877178225
158,0.00045973930332502343,0.09534770190538913,0.00028331189307174027,0.0003448377278314174,0.02180978967050383,0.0026479882483044486
159,0.00044426351410056797,0.09788741399775526,0.00029932008050221975,0.00036031351705587285,0.024349501762869957,0.002631980060873969
160,0.0004345787050989058,0.09656442279821428,0.0003176352925829633,0.00036999832605753505,0.02302651056332898,0.0026136648487932257
161,0.0004338921411973979,0.08582508316933454,0.00035502605999210063,0.0003706848899590429,0.01228717093444924,0.002576274081384088
162,0.0004379701669723717,0.08494822463959263,0.00045786934245857643,0.00036660686418406915,0.011410312404707329,0.0024734307989176126
163,0.00047052719869170934,0.08289085530042578,0.0008059542189696393,0.0003340498324647315,0.009352943065540478,0.0021253459224065494
164,0.0005437052662350509,0.08029963064068048,0.0012679411956624449,0.0002608717649213899,0.006761718405795175,0.001663358945713744
165,0.0006311094553663328,0.07734279097014392,0.001561475220298401,0.00017346757579010804,0.0038048787352586155,0.001369824921077788
166,0.000729042819674736,0.07704822303331457,0.0018621570408449946,7.55342114817048e-05,0.0035103107984292697,0.0010691431005311943
167,0.0008233691610501083,0.0697013870580738,0.002047304193948438,1.8792129893667442e-05,0.0038365251768115033,0.0008839959474277511
168,0.0008969813746049964,0.06480004224330037,0.001998240620531672,9.240434344855554e-05,0.008737869991584934,0.0009330595208445168
169,0.000954844362359603,0.0592873640124769,0.0019403422424957276,0.00015026733120316216,0.014250548222408406,0.0009909578988804614
170,0.000994554841189731,0.07758674426227383,0.0018175278341318617,0.00018997781003329025,0.004048832027388524,0.0011137723072443273
171,0.0010226282273040814,0.07566486135475395,0.0017160757857745748,0.0002180511961476406,0.0021269491198686458,0.0012152243556016141
172,0.0010368442955117994,0.072861060316872,0.0014741276140846512,0.00023226726435535854,0.0006768519180132965,0.0014571725272915378
173,0.0010438156929736971,0.09340279499676794,0.0012017648994297173,0.0002392386618172563,0.01986488276188264,0.0017295352419464717
174,0.001055138826682571,0.09387141461212486,0.0012942730851646623,0.00025056179552613027,0.020333502377239562,0.0016370270562115266
175,0.0010592296719762581,0.08980700730921883,0.0011976797491774053,0.0002546526408198173,0.016269095074333523,0.0017336203921987836
176,0.0010669342542004938,0.08971852980354147,0.0013160385012620172,0.000262357223044053,0.016180617568656172,0.0016152616401141717
177,0.001087483232013674,0.07868179049280423,0.0019465427291975145,0.0002829062008572333,0.005143878257918927,0.0009847574121786744
178,0.0010965972040813759,0.07623525403672997,0.0018654587803139814,0.00029202017292493504,0.002697341801844666,0.0010658413610622076
179,0.0011037724051202935,0.07805241195923406,0.0016044689686999496,0.00029919537396385265,0.004514499724348753,0.0013268311726762393
180,0.0011026199068496774,0.0628301245108012,0.00129130792287105,0.00029804287569323656,0.010707787724084109,0.001639992218505139
181,0.0010909048836676267,0.07854639210832078,0.0009396616932423044,0.00028632785251118584,0.005008479873435473,0.0019916384481338846
182,0.001070850733928598,0.07564174913518017,0.0009340675179634971,0.0002662737027721571,0.0021038369002948643,0.001997232623412692
183,0.0010417985027919062,0.07721205708995654,0.001026675145097204,0.0002372214716354654,0.0036741448550712402,0.001904624996278985
184,0.0010053557674412675,0.07916996713197572,0.0011313098845702957,0.0002007787362848267,0.005632054897090413,0.0017999902568058932
185,0.0009642972758815225,0.08035357864770526,0.0011504418296018417,0.0001597202447250817,0.006815666412819957,0.0017808583117743472
186,0.0009315961200431074,0.08083256638545852,0.0011530679467860873,0.0001270190888866666,0.007294654150573218,0.0017782321945901017
187,0.0009076452270260404,0.07998623849138391,0.0011044463168377993,0.00010306819586959962,0.006448326256498604,0.0018268538245383896
188,0.0008833389603482056,0.07846967347197045,0.0010877512838131911,7.876192919176476e-05,0.00493176123708515,0.0018435488575629978
189,0.0008636792670538543,0.07793037945475943,0.0010494560535370984,5.910223589741348e-05,0.00439246721987413,0.0018818440878390905
190,0.0008748338956979697,0.06635965822368543,0.0007004305598522081,7.025686454152885e-05,0.007178254011199869,0.002230869581523981
191,0.0009161273964044555,0.06829729606341463,0.0010792315838779453,0.00011155036524801464,0.0052406161714706745,0.0018520685574982437
192,0.0009644986731391692,0.07662604772336304,0.0011284280672652313,0.00015992164198272841,0.0030881354884777362,0.0018028720741109577
193,0.0010342265648815925,0.0767392973734888,0.0013594007230428777,0.0002296495337251517,0.003201385138603491,0.0015718994183333112
194,0.0010967620522302924,0.07910405003791587,0.0013715770765952194,0.0002921850210738516,0.005566137803030571,0.0015597230647809695
195,0.0011461754228133548,0.08034793359894062,0.0014503385316474628,0.00034159839165691396,0.006810021364055313,0.001480961609728726
196,0.00116622408169939,0.07858718293851462,0.0014172973085512198,0.00036164705054294926,0.005049270703629316,0.0015140028328249691
197,0.0011559287024515,0.0788781414595688,0.001444727338726701,0.0003513516712950592,0.005340229224683496,0.001486572802649488
198,0.0011915435126584693,0.08042857014923552,0.0024864287873503587,0.00038696648150202844,0.006890657914350215,0.00044487135402583025
199,0.0012019367115829061,0.08449197968695299,0.001988928486800615,0.0003973596804264653,0.010954067452067687,0.0009423716545755739
200,0.0012297819705050024,0.08684380833633387,0.002341662290515961,0.0004252049393485616,0.01330589610144857,0.0005896378508602278
201,0.001239909365960603,0.08623834905835136,0.0019759833719639494,0.0004353323348041621,0.012700436823466055,0.0009553167694122395
202,0.0012481462460770007,0.08677377732842609,0.0018246467918164016,0.00044356921492055986,0.013235865093540786,0.0011066533495597873
203,0.0012363530049226508,0.09284693486863742,0.0013638427975992975,0.00043177597376620994,0.019309022633752115,0.0015674573437768915
204,0.0012649552329494333,0.08883431186803999,0.002148083898771481,0.0004603782017929925,0.015296399633154684,0.0007832162426047078
205,0.0012502669633243243,0.08716273949182374,0.0012855324359044786,0.00044568993216788345,0.013624827256938435,0.0016457677054717104
206,0.0012505711829744535,0.08793940061496455,0.0016429668384764695,0.0004459941518180127,0.01440148838007925,0.0012883333028997194
207,0.0012341733406470042,0.08751538080475743,0.0012131288223744252,0.00042959630949056336,0.013977468569872128,0.0017181713190017637
208,0.0012221059931371147,0.08695127379076253,0.0014728044299591539,0.00041752896198067385,0.013413361555877232,0.001458495711417035
209,0.001210946253559418,0.08567460676656893,0.0017051418039430982,0.0004063692224029773,0.012136694531683631,0.0012261583374330908
210,0.0012173816568580365,0.090816116397447,0.001781048921864064,0.0004128046257015957,0.01727820416256169,0.001150251219512125
211,0.0012464749099507417,0.07120445373302395,0.0020939147235782755,0.0004418978787943009,0.0023334585018613546,0.0008373854177979134
212,0.0012632111559671704,0.10365983420892125,0.0020273450619583766,0.00045863412481072954,0.030121921974035945,0.0009039550794178123
213,0.0012646955596993875,0.10533056139928847,0.0016192062969074123,0.00046011852854294663,0.031792649164403164,0.0013120938444687767
214,0.0012560717164735585,0.10572053964883585,0.0012511262903040516,0.0004514946853171177,0.032182627413950546,0.0016801738510721373
215,0.0012581079347382634,0.09999973089097998,0.001617032984285763,0.0004535309035818226,0.026461818656094677,0.001314267157090426
216,0.0012472334633276425,0.10357581266043257,0.0011187434160798652,0.00044265643217120164,0.03003790042554727,0.0018125567252963238
217,0.0012371737004445926,0.10159012870213217,0.000578181826017866,0.00043259666928815175,0.02805221646724687,0.002353118315358323
218,0.0012289181134096977,0.10699877147735552,0.0011910276687568178,0.0004243410822532569,0.03346085924247022,0.0017402724726193711
219,0.0012421261873476707,0.1154197649934984,0.0015677934866817162,0.00043754915619122984,0.0418818527586131,0.0013635066546944727
220,0.0012277012022199208,0.11546578476602107,0.0009018735999459494,0.00042312417106348,0.041927872531135765,0.0020294265414302396
221,0.0012037982504148825,0.11846977507729435,0.000721988127883814,0.00039922121925844165,0.04493186284240905,0.002209312013492375
222,0.0011711902451995325,0.11928718881254745,0.0006035167854755365,0.00036661321404309164,0.045749276577662146,0.0023277833559006526
223,0.0011276446238941671,0.11878526386535718,0.0009705064978288431,0.0003230675927377263,0.045247351630471874,0.001960793643547346
224,0.0011152378555875822,0.10193605152140806,0.0023943900962846505,0.00031066082443114134,0.028398139286522753,0.0005369100450915384
225,0.001077196779468231,0.1107908243654263,0.002280334405045875,0.0002726197483117901,0.037252912130540994,0.0006509657363303139
226,0.001074694352429526,0.10920749718747516,0.002791374676424555,0.00027011732127308523,0.03566958495258986,0.000139925464951634
227,0.0011015326832323356,0.13134942558584217,0.002485847316553155,0.0002969556520758948,0.05781151335095687,0.0004454528248230339
228,0.0010314260962222023,0.12807142705263477,0.0016801882864908484,0.00022684906506576148,0.05453351481774947,0.0012511118548853405
229,0.0009793221572365815,0.1253507450251633,0.0014634755424237935,0.0001747451260801407,0.051812832790278,0.0014678245989523954
230,0.0008972282405897388,0.11006461945426185,0.0012168018502600503,9.265120943329798e-05,0.03652670721937655,0.0017144982911161386
231,0.0008450394286815845,0.10080103071177841,0.0012244511102180774,4.046239752514367e-05,0.02726311847689311,0.0017068490311581115
232,0.0008182353904019032,0.09016091566993895,0.001267862696516617,1.3658359245462422e-05,0.016623003435053643,0.001663437444859572
233,0.0008340160691684476,0.09182508934503954,0.0011808355762347174,2.9439038012006764e-05,0.018287177110154235,0.0017504645651414716
234,0.0008270123408688552,0.09616591044564568,0.0008606800197701634,2.2435309712414363e-05,0.022627998210760378,0.0020706201216060256
235,0.0008433029662160546,0.09609899773309694,0.0009361740625041375,3.872593505961381e-05,0.022561085498211633,0.0019951260788720515
236,0.0008602483591017096,0.10187933820412781,0.000894329030583813,5.567132794526879e-05,0.02834142596924251,0.002036971110792376
237,0.0008908081609361157,0.09581708518846385,0.0008959719156009206,8.623112977967484e-05,0.02227917295357855,0.0020353282257752686
238,0.000921896059484137,0.10415257108149187,0.0009386210054238123,0.00011731902832769615,0.030614658846606566,0.0019926791359523768
239,0.0009680326604700938,0.10849033266498548,0.001347133243345876,0.00016345562931365301,0.034952420430100176,0.001584166898030313
240,0.0010271199059167918,0.11174110012749602,0.001319146773099656,0.000222542874760351,0.03820318789261072,0.001612153368276533
241,0.0010674295731283772,0.1267849819566136,0.0013892870287249566,0.00026285254197193635,0.05324706972172831,0.0015420131126512324
242,0.0010899355787022023,0.1544571884557417,0.0010594128287488784,0.00028535854754576143,0.08091927622085639,0.0018718873126273106
243,0.001103179627638838,0.18025097912025123,0.0009215581878428868,0.00029860259648239714,0.10671306688536593,0.002009741953533302
244,0.001115283823319343,0.21331907320277999,0.0006816767746600186,0.0003107067921629021,0.13978116096789467,0.0022496233667161705
245,0.0011107325692787664,0.23519165845162343,0.0004881373542538472,0.0003061555381223256,0.16165374621673811,0.0024431627871223417
246,0.0011201810907926308,0.24879598762194763,0.00032835835841091494,0.00031560405963619,0.17525807538706234,0.002602941782965274
247,0.0011344099657146815,0.2666696725293653,0.0005400789640185702,0.00032983293455824065,0.19313176029447998,0.002391221177357619
248,0.0011416151689368076,0.268720963972938,0.0007465751791507208,0.00033703813778036677,0.19518305173805267,0.002184724962225468
249,0.0011368937939156983,0.27430729019625577,0.001071769839830638,0.0003323167627592575,0.20076937796137045,0.001859530301545551
250,0.0011614712542005053,0.2843399567941308,0.0011090979592311373,0.0003568942230440645,0.2108020445592455,0.0018222021821450516
251,0.0011832450662771542,0.291188704616322,0.0010252276230559875,0.0003786680351207134,0.2176507923814367,0.0019060725183202014
252,0.0012033591625695548,0.29727148400827724,0.0009147415385754831,0.000398782131413114,0.22373357177339193,0.002016558602800706
253,0.001224481643794326,0.2981979193444068,0.0010091193526461627,0.0004199046126378851,0.2246600071095215,0.0019221807887300263
254,0.0011859486051633522,0.305123631543769,0.0010548443194333115,0.00038137157400691137,0.23158571930888366,0.0018764558219428774
255,0.0011479987455355327,0.30551400871862505,0.0010091651772158132,0.0003434217143790919,0.23197609648373974,0.0019221349641603757
256,0.001052552745461541,0.30980250714910473,0.0009460145342888235,0.0002479757143051002,0.23626459491421942,0.0019852856070873654
257,0.000953066792687117,0.3137177362830881,0.0008718670817706521,0.0001484897615306762,0.24017982404820276,0.002059433059605537
258,0.0009151560748932693,0.31273128138716605,0.001030051761175742,0.00011057904373682848,0.23919336915228073,0.001901248380200447
259,0.0008899145142146334,0.31220767151338513,0.0010217299350370745,8.533748305819262e-05,0.23866975927849982,0.0019095702063391144
260,0.0008754008318814287,0.31409280790925115,0.001062596547466542,7.082380072498786e-05,0.24055489567436583,0.001868703593909647
261,0.0008592140815028577,0.31267444750503726,0.0010437814579680345,5.463705034641688e-05,0.23913653527015194,0.0018875186834081544
262,0.0008415800539952189,0.31440192408411377,0.0010203759945363415,3.700302283877804e-05,0.24086401184922845,0.0019109241468398474
263,0.0008266037735646594,0.31675066573274985,0.0010947591813861585,2.202674240821853e-05,0.24321275349786453,0.0018365409599900304
264,0.0008142249958893891,0.3164120389215126,0.0010918337723870594,9.647964732948256e-06,0.24287412668662728,0.0018394663689891295
265,0.0007990057752166432,0.31630977661629867,0.0011563777107410286,5.571255939797572e-06,0.24277186438141335,0.0017749224306351603
266,0.0007899452390305722,0.31625468241850313,0.0011688815020525476,1.4631792125868672e-05,0.2427167701836178,0.0017624186393236413
267,0.000781494003654582,0.3161382054676396,0.001209978989460149,2.3083027501858778e-05,0.24260029323275428,0.00172132115191604
268,0.0007768112214037921,0.3159505712205275,0.0012696126454806113,2.776580975264874e-05,0.24241265898564218,0.0016616874958955777
269,0.0007457057137767015,0.3125295531846533,0.0012243163574385632,5.88713173797393e-05,0.238991640949768,0.0017069837839376258
270,0.0007205397893922016,0.3123819339084005,0.0012439217784791681,8.403724176423918e-05,0.2388440216735152,0.0016873783628970208
271,0.0006881997399164439,0.30988295748856465,0.0012928172052567265,0.00011637729123999694,0.23634504525367933,0.0016384829361194625
272,0.0006672361848569653,0.30894891864262697,0.0013240313339370556,0.0001373408462994755,0.23541100640774165,0.0016072688074391334
273,0.0006384103655962283,0.30855337699877555,0.0013603887055217735,0.00016616666556021256,0.23501546476389024,0.0015709114358544154
274,0.0006164613078500511,0.30343939962076544,0.0013672242018681134,0.0001881157233063897,0.22990148738588012,0.0015640759395080756
275,0.0006020081222178166,0.3016404713073159,0.0013626855739781428,0.0002025689089386242,0.2281025590724306,0.0015686145673980462
276,0.0005957797186373616,0.30186187676702586,0.0014234768872209724,0.00020879731251907923,0.22832396453214054,0.0015078232541552166
277,0.0005857027122453102,0.3011110068830232,0.0014127293505485383,0.00021887431891113066,0.2275730946481379,0.0015185707908276507
278,0.0005603759752663903,0.2970890318180416,0.001382665877147669,0.0002442010558900505,0.22355111958315627,0.0015486342642285198
279,0.000560183748049768,0.29168167463556777,0.0015320206617420594,0.00024439328310667285,0.21814376240068245,0.0013992794796341295
280,0.0005919563153012885,0.292171199800856,0.0017802409932915545,0.00021262071585515234,0.21863328756597067,0.0011510591480846345
281,0.0006411051551092871,0.29106795375150296,0.0019365532344068138,0.00016347187604715376,0.21753004151661764,0.0009947469069693752
282,0.0006784948925723571,0.28591336152219465,0.001954683959988477,0.00012608213858408368,0.21237544928730934,0.0009766161813877117
283,0.0007001344584496596,0.2820957918802372,0.0018891278619943667,0.00010444257270678125,0.20855787964535188,0.0010421722793818222
284,0.0007192857820545566,0.26812127503423827,0.0018679728513891403,8.529124910188423e-05,0.19458336279935295,0.0010633272899870487
285,0.0007395999304523891,0.25200012045144116,0.0018965968553816901,6.497710070405168e-05,0.17846220821655584,0.0010347032859944988
286,0.0007551947432315518,0.24813810873483627,0.0018757688213867723,4.938228792488906e-05,0.17460019649995095,0.0010555313199894167
287,0.0007743411138242231,0.2309653757786935,0.0018868298063775299,3.0235917332217766e-05,0.1574274635438082,0.001044470334998659
288,0.0007877736177357466,0.21028253635115948,0.0020424152021732136,1.6803413420694185e-05,0.1367446241162742,0.0008888849392029753
289,0.000802953751453321,0.1825106275174411,0.002204986542799344,1.6232797031197907e-06,0.1089727152825558,0.0007263135985768449
290,0.0008217091536237239,0.1541097695544023,0.0023120974864778545,1.7132122467283057e-05,0.080571857319517,0.0006192026548983345
291,0.0008416532641164974,0.13650676557790448,0.002511475028294555,3.7076232960056555e-05,0.06296885334301917,0.0004198251130816339
292,0.000867554776774321,0.12654885669796165,0.0026661989124550614,6.297774561788013e-05,0.053010944463076345,0.0002651012289211275
293,0.0008968597717681941,0.10997152574802001,0.0027423056464125455,9.22827406117533e-05,0.036433613513134705,0.00018899449496364348
294,0.0009171372915275024,0.10428341614779431,0.0025866671650089336,0.00011256026037106156,0.030745503912909006,0.00034463297636725537
295,0.0009268621986672597,0.09921458143623756,0.002420783989990744,0.00012228516751081888,0.025676669201352254,0.0005105161513854449
296,0.000934728356117624,0.09573859250690793,0.002327487910945828,0.0001301513249611832,0.022200680272022627,0.000603812230430361
297,0.0009353377255595092,0.09547263979660764,0.002140536104835992,0.00013076069440306841,0.021934727561722336,0.0007907640365401969
298,0.0009280076354038837,0.08733652030205176,0.0019719640840413035,0.00012343060424744288,0.013798608067166457,0.0009593360573348854
299,0.000918571145884919,0.08668811903281323,0.0018110262002124487,0.0001139941147284782,0.01315020679792793,0.0011202739411637402
300,0.0009079905591322086,0.07962214390136686,0.0017199567996966528,0.00010341352797576782,0.00608423166648156,0.0012113433416795362
301,0.0008963057682205319,0.08236537144090403,0.0016363653396448464,9.172873706409109e-05,0.008827459206018726,0.0012949348017313425
302,0.0008870121761912353,0.08541833469078974,0.0013368209992745807,8.243514503479446e-05,0.01188042245590444,0.0015944791421016082
303,0.0008807552534444667,0.09431930052296096,0.001525524758622777,7.617822228802586e-05,0.02078138828807566,0.001405775382753412
304,0.000876059104333604,0.09621463943816207,0.0017047922614873909,7.148207317716321e-05,0.022676727203276764,0.001226507879888798
305,0.0008794038292131069,0.10451732930349898,0.0018104647777188656,7.482679805666606e-05,0.03097941706861368,0.0011208353636573234
306,0.0008928783389884381,0.11478463743193294,0.0013123914939282856,8.830130783199725e-05,0.04124672519704764,0.0016189086474479033
307,0.0010068653323750598,0.12008614235404465,0.0015758550964417887,0.00020228830121861896,0.046548230119159345,0.0013554450449344002
308,0.001223091509594961,0.11742280652856887,0.002474272121469024,0.0004185144784385202,0.04388489429368357,0.00045702801990716484
309,0.0014023715173920358,0.085685366977112,0.002396497889466223,0.000597794486235595,0.012147454742226699,0.000534802251909966
310,0.0015543859363239773,0.06053033997319801,0.002453497828219675,0.0007498089051675364,0.013007572261687292,0.000477802313156514
311,0.001678818512902011,0.042072672471192334,0.002490724805835118,0.0008742414817455701,0.03146523976369297,0.00044057533554107096
312,0.0018123418734669564,0.05701448748576387,0.002794273793399916,0.0010077648423105156,0.016523424749121433,0.00013702634797627296
313,0.0018890564309288057,0.09469416036907993,0.0022315743644037924,0.001084479399772365,0.02115624813419463,0.0006997257769723966
314,0.001931575261301934,0.09842560659227413,0.001740829031479844,0.001126998230145493,0.02488769435738883,0.0011904711098963449
315,0.001999361717510314,0.07458383520396521,0.002442268491561679,0.0011947846863538732,0.0010459229690799043,0.0004890316498145099
316,0.002010597685166851,0.09723844297619824,0.0014415494000933884,0.0012060206540104102,0.02370053074131294,0.0014897507412828005
317,0.002022055540476074,0.10211919143319154,0.0014710237821769063,0.0012174785093196333,0.028581279198306234,0.0014602763591992827
318,0.002063188511193869,0.08872114425511417,0.002426677798624587,0.0012586114800374282,0.015183232020228865,0.000504622342751602
319,0.002089466394930348,0.10708823367947917,0.0024001356539559045,0.001284889363773907,0.03355032144459387,0.0005311644874202845
320,0.0020820423729130395,0.1184232205342209,0.0018412832249827399,0.0012774653417565987,0.0448853082993356,0.001090016916393449
321,0.002038443646828124,0.11481641244523363,0.0010391663051537246,0.0012338666156716833,0.04127850021034833,0.0018921338362224644
322,0.0020245175604711144,0.10924197550821363,0.0022448653085355296,0.0012199405293146736,0.035704063273328326,0.0006864348328406594
323,0.001959190367594862,0.10922946344774079,0.0009931065703002982,0.0011546133364384213,0.035691551212855485,0.0019381935710758907
324,0.0019290001973000246,0.1258855267424847,0.002175143651833864,0.0011244231661435837,0.05234761450759941,0.0007561564895423251
325,0.0018669444044283239,0.12403252063405097,0.0011984081009653199,0.001062367373271883,0.05049460839916567,0.001732892040410869
326,0.0018394443279600285,0.07677582932979372,0.002435579286130499,0.0010348672968035876,0.0032379170949084213,0.0004957208552456901
327,0.0017674692503571248,0.07148999800683879,0.0018803664644221436,0.000962892219200684,0.00204791422804651,0.0010509336769540453
328,0.0016900245705370111,0.08288725595243372,0.0016581904255614597,0.0008854475393805703,0.00934934371754842,0.0012731097158147292
329,0.0016074850372216262,0.09582332703573186,0.0015329720654886014,0.0008029080060651854,0.02228541480084656,0.0013983280758875876
330,0.0015177983063233867,0.10175142591981531,0.0013560873249152342,0.0007132212751669459,0.02821351368493001,0.0015752128164609547
331,0.0014348494911690381,0.09638842943384877,0.0021641340886595166,0.0006302724600125973,0.02285051719896347,0.0007671660527166723
332,0.001368875428353449,0.10081876291524261,0.0017815894328749877,0.0005642983971970081,0.027280850680357308,0.0011497107085012013
333,0.0012898917925197415,0.09177093997874357,0.002153027430512265,0.0004853147613633007,0.018233027743858266,0.0007782727108639241
334,0.0012070205096736362,0.08758327348935722,0.0027864075038282216,0.00040244347851719543,0.014045361254471922,0.0001448926375479673
335,0.0011155509683401553,0.07935432626474812,0.002938753989462203,0.0003109739371837145,0.0058164140298628125,7.4538480860138895e-06
336,0.0010524481421487221,0.07441842434805106,0.0028187546878721296,0.0002478711109922813,0.0008805121131657545,0.00011254545350405931
337,0.0010329388598411121,0.09005293370177538,0.002608521249098947,0.0002283618286846713,0.016515021466890073,0.0003227788922772418
338,0.0010212476049352344,0.10551437345901085,0.001697138163275914,0.00021667057377879355,0.03197646122412555,0.001234161978100275
339,0.001015416962549043,0.12234548210675424,0.0015012169929653552,0.00021083993139260214,0.04880756987186893,0.0014300831484108337
340,0.001012118348512379,0.09659541454540015,0.0015759969326371555,0.00020754131735593808,0.023057502310514844,0.0013553032087390334
341,0.0009962740504448717,0.07893728395508309,0.0016757579002554424,0.00019169701928843088,0.00539937172019779,0.0012555422411207465
342,0.000977826180616265,0.07264615363253872,0.0018037479824318354,0.00017324914945982418,0.0008917586023465818,0.0011275521589443535
343,0.000968677173899113,0.09094691709463101,0.001921726289679012,0.0001641001427426722,0.01740900485974571,0.001009573851697177
344,0.0009705534111931661,0.08191675344549974,0.002185651939157699,0.00016597638003672526,0.00837884121061444,0.00074564820221849
345,0.0009701382017511886,0.1005603294950393,0.0020182432045374858,0.0001655611705947478,0.027022417260154002,0.0009130569368387032
346,0.0009431539791597432,0.10209234710816144,0.0015604886764289247,0.00013857694800330233,0.028554434873276135,0.0013708114649472643
347,0.0009453083410733146,0.10208250249569978,0.0008632720542455538,0.0001407313099168738,0.028544590260814476,0.002068028087130635
348,0.0009488873134715204,0.10812523526494883,0.0008893010342512256,0.00014431028231507955,0.034587323030063524,0.0020419991071249635
349,0.000955133822679037,0.14547992171000723,0.0015732073118433043,0.0001505567915225962,0.07194200947512193,0.0013580928295328846
350,0.0009740285462461425,0.11531591409066376,0.0009365602845931858,0.00016945151508970173,0.04177800185577846,0.001994739856783003
351,0.0009923047560969549,0.1222622128833983,0.001281806262176826,0.00018772772494051403,0.04872430064851299,0.001649493879199363
352,0.0010152960517493543,0.10760422903145796,0.0006874702859174226,0.0002107190205929135,0.034066316796572654,0.0022438298554587665
353,0.0010348931511571903,0.1126586181188729,0.0011142424984897199,0.0002303161200007495,0.0391207058839876,0.001817057642886469
354,0.0010293651784317936,0.1111821848445461,0.0009086733411614268,0.0002247881472753528,0.0376442726096608,0.002022626800214762
355,0.0010694649692180526,0.10366149325234676,0.0012987298493938853,0.0002648879380616118,0.03012358101746146,0.0016325702919823036
356,0.0010988721905458617,0.09231944811156673,0.001568107477090828,0.0002942951593894209,0.018781535876681424,0.001363192664285361
357,0.0012034891606708556,0.08293235293026188,0.0018011717056848568,0.0003989121295144148,0.00939444069537658,0.0011301284356913322
358,0.00130588272925857,0.0804406602924151,0.0021235725583935703,0.0005013056981021291,0.006902748057529801,0.0008077275829826186
359,0.0014093726006761426,0.08267387214507121,0.002365773567337295,0.0006047955695197018,0.009135959910185912,0.0005655265740388939
360,0.001497578298354691,0.0859653365820462,0.0022935871530816894,0.0006930012671982502,0.012427424347160904,0.0006377129882944995
361,0.0015563548856958492,0.08027346838126163,0.0020240531346113317,0.0007517778545394083,0.006735556146376331,0.0009072470067648573
362,0.0016141307930315396,0.08008309177587439,0.0021267167171429256,0.0008095537618750988,0.006545179540989085,0.0008045834242332633
363,0.0016350357133108112,0.06966767740439765,0.0017871593837808601,0.0008304586821543704,0.003870234830487651,0.0011441407575953288
364,0.001610976828221612,0.06427803839298467,0.0015574641815513726,0.0008063997970651712,0.009259873841900634,0.0013738359598248163
365,0.001555165900326705,0.05740226731243596,0.0012865222659785857,0.0007505888691702641,0.016135644922449344,0.0016447778753976032
366,0.0014975090141767008,0.05900319368472388,0.001449155003496429,0.00069293198302026,0.014534718550161425,0.00148214513787976
367,0.0014482799438373598,0.06641179490376561,0.0017485367534800778,0.000643702912680919,0.0071261173311196885,0.0011827633878961112
368,0.001435218848114833,0.06767160800003992,0.002060060347699934,0.0006306418169583921,0.005866304234845382,0.0008712397936762551
369,0.0014145810867644006,0.1070678800652968,0.0017111013005758659,0.0006100040556079598,0.0335299678304115,0.001220198840800323
370,0.0013926674411646911,0.10573746193186635,0.0018481771514890237,0.0005880904100082503,0.03219954969698105,0.0010831229898871652
371,0.0013571057243007129,0.0983066600410764,0.001964629439814133,0.0005525286931442721,0.024768747806191094,0.000966670701562056
372,0.0013039216188461724,0.09090408881290599,0.0019623930126571212,0.0004993445876897316,0.017366176578020684,0.0009689071287190677
373,0.001249512827034379,0.07969124295984646,0.002004377479402278,0.00044493579587793824,0.006153330724961159,0.0009269226619739107
374,0.0011518561222440815,0.07756910956930148,0.0019713768941983676,0.0003472790910876407,0.0040311973344161756,0.0009599232471778213
375,0.0010499548502362107,0.06535224129242387,0.0019776859883297994,0.0002453778190797699,0.008185670942461434,0.0009536141530463896
376,0.0009977541545139045,0.05783587796658972,0.0014226139157506139,0.00019317712335746367,0.015702034268295584,0.001508686225625575
377,0.0009848022830470267,0.04965656276576232,0.0006478490039836722,0.00018022525189058587,0.02388134946912298,0.0022834511373925168
378,0.0009644389451787192,0.055668370198429094,0.0005039701878509158,0.0001598619140222784,0.017869542036456208,0.0024273299535252733
379,0.0009247698990805992,0.05591069577677906,0.000861026819019215,0.00012019286792415841,0.01762721645810624,0.002070273322356974
380,0.0009385218683397212,0.0560372933310928,0.0008164485741155039,0.00013394483718328037,0.0175006189037925,0.002114851567260685
381,0.0009662996455487008,0.05013485207706017,0.0012293289368615972,0.00016172261439225994,0.02340306015782513,0.0017019712045145917
382,0.0010001205416497406,0.04498138521830683,0.002752941401095817,0.00019554351049329982,0.028556527016578473,0.00017835874028037215
383,0.0010293518032014914,0.03629746745131394,0.0026589889114547725,0.00022477477204505057,0.037240444783571365,0.00027231122992141645
384,0.0010611893476561388,0.03460427622096682,0.0025453156115981005,0.000256612316499698,0.038933636013918485,0.0003859845297780884
385,0.0010969581478318803,0.03830321651089965,0.0023698929586153422,0.00029238111667543947,0.03523469572398565,0.0005614071827608467
386,0.0011284387138175633,0.032442127324141985,0.002597652714137976,0.00032386168266112245,0.04109578491074332,0.000333647427238213
387,0.001143109976824049,0.03203158683531547,0.0025455099316766703,0.00033853294566760814,0.04150632539956983,0.0003857902096995186
388,0.0011522810524452216,0.035376715232196314,0.002596079979747252,0.00034770402128878075,0.03816119700268899,0.000335220161628937
389,0.001151328420493796,0.03622199201998469,0.0025725831056263564,0.0003467513893373553,0.037315920214900614,0.0003587170357498325
390,0.0011473814047285626,0.03646554268117174,0.002722479344426273,0.00034280437357212174,0.03707236955371356,0.00020882079694991597
391,0.001128502450985268,0.03059383526000792,0.002591566630753009,0.00032392541982882717,0.042944076974877385,0.00033973351062318007
392,0.0010978238980666934,0.01718253912715439,0.002435360339441856,0.0002932468669102526,0.05635537310773091,0.0004959398019343331
393,0.0010824097318208662,0.005802677464768402,0.0027097400723895076,0.00027783270066442534,0.0677352347701169,0.00022156006898668137
394,0.0010856906940904913,0.0036956132160730483,0.0029395000487366404,0.00028111366293405047,0.06984229901881225,8.199907360451498e-06
395,0.0010933036186347132,0.009523383837983219,0.002993459168079381,0.0002887265874782724,0.06401452839690208,6.215902670319217e-05
396,0.0011120580267693994,0.005605562604927775,0.0033510218807657525,0.00030748099561295856,0.06793234962995753,0.00041972173938956353
397,0.0011637267328326309,0.019210769132652135,0.0034750755406108965,0.00035914970167619004,0.05432714310223317,0.0005437753992347076
398,0.001245451349654491,0.028435499318011467,0.003967130054169317,0.00044087431849805015,0.045102412916873835,0.0010358299127931278
399,0.0013519118186514838,0.026990986346654047,0.004423756335910026,0.0005473347874950429,0.046546925888231255,0.0014924561945338375
400,0.0014713200961740164,0.02939509510809658,0.004805833462139105,0.0006667430650175755,0.04414281712678872,0.0018745333207629156
401,0.0015685043480963574,0.03224222304606133,0.004768889700850395,0.0007639273169399166,0.041295689188823974,0.0018375895594742063
402,0.0016535760108281855,0.028429999889930387,0.004915255875413561,0.0008489989796717447,0.04510791234495491,0.0019839557340373725
403,0.0017303161165751657,0.03275423369178874,0.005054809127020279,0.0009257390854187249,0.040783678543096565,0.0021235089856440903
404,0.0018021559629208999,0.036192507603310116,0.005163481406099084,0.000997578931764459,0.03734540463157519,0.0022321812647228953
405,0.0018564013497010161,0.03394985145868502,0.005182127728140876,0.0010518243185445753,0.039588060776200286,0.0022508275867646867
406,0.0018919532270580458,0.034319957002106445,0.005237212549903376,0.001087376195901605,0.03921795523277886,0.002305912408527187
407,0.0018873210433904175,0.03671657454803057,0.00521960861752316,0.0010827440122339767,0.036821337686854735,0.002288308476146971
408,0.001842708736205733,0.03650567164274201,0.004733932846645232,0.0010381317050492922,0.037032240592143294,0.001802632705269043
409,0.0018002711407577995,0.03301921614657105,0.0043853810338457385,0.0009956941096013587,0.04051869608831425,0.0014540808924695496
410,0.001754325015460697,0.03284750880836273,0.004262446005668286,0.0009497479843042561,0.040690403426522574,0.0013311458642920968
411,0.0017119704532045914,0.033314939180935366,0.004020213497788045,0.0009073934220481506,0.04022297305394994,0.0010889133564118561
412,0.0016768143806894073,0.03442924896760918,0.0039192681866501615,0.0008722373495329665,0.03910866326727612,0.0009879680452739726
413,0.0016456843478648555,0.03636977662990126,0.0041492613996867945,0.0008411073167084147,0.03716813560498404,0.0012179612583106056
414,0.0016178510690184362,0.037404898963330206,0.00426203223566417,0.0008132740378619953,0.036133013271555096,0.0013307320942879813
415,0.0015858720440767246,0.03690364631579217,0.004355704721462261,0.0007812950129202838,0.036634265919093134,0.0014244045800860718
416,0.0015482491812653608,0.03787465150200782,0.004385313795165519,0.00074367215010892,0.03566326073287748,0.0014540136537893305
417,0.0014982446746774486,0.037985643745903824,0.004454173010709422,0.0006936676435210078,0.03555226848898148,0.0015228728693332328
418,0.001449314710874944,0.03944626571187371,0.00470579644607027,0.0006447376797185031,0.034091646523011596,0.0017744963046940811
419,0.0013930278216092245,0.039178424224169714,0.004716618209416757,0.0005884507904527837,0.03435948801071559,0.0017853180680405681
420,0.0013230780639629516,0.03915496138104328,0.004861065747254099,0.0005185010328065108,0.03438295085384202,0.0019297656058779103
421,0.001251589616310953,0.03873505632844546,0.0050073731458505095,0.0004470125851545122,0.03480285590643984,0.0020760730044743205
422,0.0011634061254528324,0.039711629327369255,0.005293916599825546,0.0003588290942963916,0.03382628290751605,0.002362616458449357
423,0.0010487135942431128,0.04276575951249764,0.005353593420097126,0.00024413656308667196,0.03077215272238766,0.002422293278720937
424,0.0009310051102968108,0.03937677997496507,0.005392174896248834,0.00012642807914036997,0.034161132259920235,0.0024608747548726453
425,0.0008091556930090988,0.03602909721579675,0.005388776240461289,4.578661852657948e-06,0.03750881501908855,0.0024574760990851005
426,0.000685335370465597,0.02789549048534341,0.005037631187715277,0.0001192416606908438,0.04564242174954189,0.0021063310463390883
427,0.0006189392487197388,0.027541977739826553,0.005152291108044718,0.00018563778243670202,0.045995934495058746,0.002220990966668529
428,0.0005795818773613529,0.027411090902715544,0.004800273368792183,0.00022499515379508796,0.04612682133216976,0.0018689732274159944
429,0.0005627973640037721,0.02625981023909557,0.004855021385602339,0.00024177966715266874,0.04727810199578973,0.0019237212442261504
430,0.0005487611418706394,0.02573506654554441,0.004906444094183585,0.0002558158892858014,0.04780284568934089,0.001975143952807396
431,0.0005347167909953666,0.02251389455524127,0.004723690326037951,0.0002698602401610742,0.05102401767964403,0.001792390184661762
432,0.0005253187491131168,0.02273341315203342,0.004580068867577988,0.00027925828204332403,0.05080449908285188,0.0016487687262017993
433,0.0005158066074496169,0.023016772677020618,0.0043178809936998555,0.0002887704237068239,0.050521139557864685,0.0013865808523236666
434,0.0005098371362958994,0.023543593675002045,0.004336575556407654,0.0002947398948605414,0.04999431855988326,0.001405275415031465
435,0.0005040465764808489,0.02461200957523198,0.00431959938943486,0.0003005304546755919,0.048925902659653325,0.0013882992480586708
436,0.0004919008519168555,0.030672523383181903,0.004445785708109964,0.0003126761792395853,0.0428653888517034,0.0015144855667337748
437,0.00048043226268032826,0.030721848372388033,0.004313608889307781,0.00032414476847611256,0.04281606386249727,0.0013823087479315922
438,0.0004813415570016467,0.02934886509697271,0.004294550453985675,0.0003232354741547941,0.04418904713791259,0.001363250312609486
439,0.0004811029567961613,0.02847855233278618,0.004343827053420103,0.0003234740743602795,0.045059359902099125,0.0014125269120439142
440,0.0004756171218576668,0.02997539573716087,0.004517340625501677,0.000328959909298774,0.043562516497724434,0.0015860404841254883
441,0.00045788926585346897,0.02810697161702224,0.004622140194455816,0.00034668776530297186,0.04543094061786306,0.0016908400530796274
442,0.00043409412992404634,0.027092519243456615,0.0047231047408237406,0.0003704829012323945,0.04644539299142869,0.0017918045994475516
443,0.00041906204755210184,0.024058314238507312,0.004698362440671469,0.000385514983604339,0.049479597996377994,0.0017670622992952802
444,0.0004075894580731285,0.023968410206778954,0.004696921578883183,0.0003969875730833123,0.04956950202810635,0.0017656214375069944
445,0.00040017376947701534,0.022982952793132786,0.00469914275952489,0.0004044032616794255,0.05055495944175252,0.001767842618148701
446,0.00039145275139918124,0.022553567809193167,0.004720780123154182,0.0004131242797572596,0.050984344425692135,0.0017894799817779932
447,0.00038629197729547385,0.0221959924758546,0.004696201154656147,0.00041828505386096697,0.0513419197590307,0.001764901013279958
448,0.000384197654537061,0.026645153661207184,0.004696579624813998,0.0004203793766193798,0.04689275857367812,0.0017652794834378087
449,0.0003839863922857697,0.03144934380808127,0.004589453930372806,0.00042059063887067114,0.04208856842680403,0.001658153788996617
450,0.0003851702411805542,0.03248699660352521,0.004540073635955369,0.0004194067899758866,0.04105091563136009,0.0016087734945791797
451,0.0003853633868517911,0.033939287572919315,0.004497301061418104,0.0004192136443046497,0.03959862466196599,0.0015660009200419147
452,0.00038435322051481695,0.03582624072800956,0.004376020358570372,0.0004202238106416239,0.037711671506875745,0.0014447202171941828
453,0.00037390669153566783,0.036712852697456104,0.004383186889287359,0.000430670339620773,0.0368250595374292,0.00145188674791117
454,0.00038380493814226793,0.03660713596380747,0.004370534281911231,0.0004207720930141729,0.03693077627107783,0.0014392341405350421
455,0.00042852453157831306,0.03686627274872875,0.0044010055404051195,0.00037605249957812776,0.03667163948615655,0.0014697053990289305
456,0.00048499886534749515,0.03848390614431034,0.004401983810531328,0.00031957816580894567,0.03505400609057496,0.0014706836691551388
457,0.0005083365292613826,0.03915798073564643,0.004453409792131266,0.0002962405018950582,0.034379931499238875,0.0015221096507550772
458,0.0005585345130025243,0.03829557576543527,0.0045158504215289325,0.0002460425181539165,0.035242336469450034,0.0015845502801527436
459,0.0005741544014889498,0.03661672580200846,0.004572480704603171,0.00023042262966749098,0.03692118643287684,0.0016411805632269823
460,0.0005709025848776866,0.032790543499040196,0.004765597796706852,0.0002336744462787542,0.040747368735845106,0.0018342976553306634
461,0.0005646075170143952,0.030482119991585527,0.004789406225138087,0.0002399695141420456,0.04305579224329978,0.0018581060837618985
462,0.0005600083786947141,0.027678039595470254,0.0047580166771761905,0.0002445686524617267,0.045859872639415045,0.0018267165358000015
463,0.0005605966490459268,0.02774990997036451,0.004719644640307524,0.000243980382110514,0.04578800226452079,0.0017883444989313354
464,0.0005581616847237603,0.02178011176849439,0.004512096334784598,0.00024641534643268055,0.05175780046639091,0.0015807961934084088
465,0.0005559903288852707,0.01746764287455121,0.00446857909558991,0.0002485867022711701,0.05607026936033409,0.0015372789542137215
466,0.000547667806987197,0.01628011098551295,0.0045949141708715915,0.00025690922416924387,0.05725780124937235,0.0016636140294954025
467,0.0005521706153232537,0.014072353111741065,0.004487013256535585,0.00025240641583318716,0.05946555912314424,0.0015557131151593961
468,0.0005491263176227627,0.01969973055903635,0.004336570168694336,0.00025545071353367816,0.05383818167584895,0.001405270027318147
469,0.0005484583895679016,0.021791606377751623,0.004295748588715216,0.0002561186415885392,0.051746305857133676,0.0013644484473390268
470,0.0005475289187833709,0.02555766185650395,0.0046019928704417795,0.0002570481123730699,0.047980250378381356,0.0016706927290655905
471,0.0005563159064397624,0.025816173877122466,0.004788626851685087,0.00024826112471667845,0.04772173835776283,0.001857326710308898
472,0.0005977016267805854,0.019154594285666016,0.005280150074570317,0.00020687540437585542,0.05438331794921929,0.002348849933194128
473,0.0006690320054447096,0.030534755640230216,0.005762099233955023,0.00013554502571173118,0.04300315659465509,0.0028307990925788337
474,0.0007394522547148453,0.040304570453547614,0.00597318171246266,6.512477644159554e-05,0.03323334178133769,0.0030418815710864713
475,0.0007925726835855065,0.042628936081172755,0.005927801478986604,1.2004347570934303e-05,0.030908976153712547,0.002996501337610415
476,0.0008355273015031881,0.04406147749127673,0.005937476563233587,3.0950270346747234e-05,0.029476434743608573,0.003006176421857398
477,0.000873307846417444,0.04335863525306979,0.005994185450285241,6.873081526100316e-05,0.030179276981815516,0.0030628853089090524
478,0.000894013788734655,0.046793741503665685,0.005875060415437783,8.943675757821417e-05,0.026744170731219617,0.002943760274061594
479,0.0009038306881547675,0.049127474734422076,0.005778624838130655,9.925365699832672e-05,0.024410437500463227,0.002847324696754466
480,0.0009071106932269533,0.048443767839451396,0.005746250445654446,0.00010253366207051248,0.025094144395433907,0.002814950304278257
481,0.0009061817623989803,0.0479222986961022,0.005792176948824911,0.00010160473124253943,0.025615613538783104,0.0028608768074487216
482,0.0009100293948527497,0.04859700070893855,0.00581101747193311,0.00010545236369630887,0.024940911525946755,0.0028797173305569208
483,0.0009091843495561024,0.04493423611304122,0.005763326005774079,0.00010460731839966161,0.028603676121844085,0.0028320258643978902
484,0.0009066418214793796,0.04287987120329422,0.00565518037821188,0.00010206479032293873,0.03065804103159108,0.0027238802368356914
485,0.0008970418070455258,0.033522305485579884,0.00567747482330069,9.246477588908497e-05,0.04001560674930542,0.002746174681924501
486,0.0008800451892461357,0.03253775465678108,0.005617427955958299,7.546815808969485e-05,0.04100015757810422,0.00268612781458211
487,0.0008670626833236331,0.03213283553296113,0.00557379058730711,6.248565216719225e-05,0.04140507670192417,0.0026424904459309215
488,0.000841380374552315,0.02699818303255306,0.005565508168737434,3.68033433958742e-05,0.04653972920233224,0.002634208027361245
489,0.0008220800258443269,0.026743625858138435,0.005588298291048723,1.7502994687886063e-05,0.04679428637674687,0.0026569981496725337
490,0.0008100941064032823,0.02233263955367273,0.005519668671023849,5.51707524684144e-06,0.05120527268121257,0.0025883685296476597
491,0.0008006206505291557,0.014742059546496704,0.005522081508062402,3.956380627285171e-06,0.0587958526883886,0.002590781366686213
492,0.0007956654092854524,0.022903718647665834,0.005554592217546049,8.911621870988417e-06,0.05063419358721947,0.0026232920761698596
493,0.0007931522214090217,0.018680500607035817,0.0056916107563897015,1.1424809747419078e-05,0.05485741162784949,0.0027603106150135125
494,0.0007738556460852194,0.01592028936636585,0.00580370311951646,3.0721385071221376e-05,0.05761762286851945,0.0028724029781402715
495,0.0007402707453445806,0.013986529706071584,0.005806392908172301,6.430628581186027e-05,0.059551382528813715,0.002875092766796112
496,0.0007065813718980442,0.013694500404588214,0.005798067331752912,9.79956592583966e-05,0.05984341183029709,0.002866767190376723
497,0.0006470601329531569,0.013629109820313411,0.0058552076222472505,0.0001575168982032839,0.05990880241457189,0.0029239074808710616
498,0.0005829347954112975,0.020102874752998514,0.005702603682047326,0.00022164223574514333,0.053435037481886785,0.0027713035406711373
499,0.0005036684732262737,0.029857235896615618,0.005587979851819744,0.00030090855793016714,0.043680676338269685,0.002656679710443555
500,0.00046045793389810983,0.030608842352044505,0.005300440701808188,0.000344119097258331,0.0429290698828408,0.002369140560431999
501,0.00043575362948590095,0.035517482255723355,0.005270245403190867,0.0003688234016705399,0.03802042997916195,0.002338945261814678
502,0.000437687059652787,0.03386808578385843,0.005293559263660956,0.0003668899715036538,0.039669826451026874,0.0023622591222847667
503,0.0004468106471573312,0.03126248065168901,0.0052470145705579485,0.0003577663839991096,0.04227543158319629,0.0023157144291817595
504,0.0004595027822347145,0.031466448843072654,0.005117171218891019,0.00034507424892172634,0.04207146339181265,0.0021858710775148303
505,0.00047905391456364537,0.037731196333038154,0.004976801387974221,0.00032552311659279546,0.03580671590184715,0.002045501246598032
506,0.0005018359689746942,0.044214317306468215,0.004828116651087613,0.00030274106218174666,0.029323594928417088,0.001896816509711424
507,0.0005225289694742945,0.04312056353032116,0.004774462518273724,0.0002820480616821463,0.03041734870456414,0.0018431623768975346
508,0.000546804641964068,0.04182905050402842,0.0047605232401468625,0.00025777238919237285,0.03170886173085688,0.0018292230987706735
509,0.0005703112005160929,0.04228907445813103,0.004795636937261806,0.00023426583064034795,0.031248837776754274,0.0018643367958856173
510,0.0005869577943842294,0.04460305892334795,0.004887055773394109,0.00021761923677221138,0.028934853311537355,0.0019557556320179198
511,0.0005998397729816361,0.045012906185416104,0.004864233681759773,0.00020473725817480475,0.028525006049469198,0.0019329335403835838
512,0.0006079534311926061,0.04533558557074324,0.004952899863063546,0.00019662359996383473,0.02820232666414206,0.0020215997216873572
513,0.0006119621955054996,0.044954247930794,0.005001230743728651,0.00019261483565094126,0.028583664304091302,0.0020699306023524624
514,0.0006151217427214736,0.04727731160513391,0.005043947605991134,0.00018945528843496726,0.026260600629751392,0.002112647464614945
515,0.0006168111625693065,0.047699376261011645,0.005080094929972924,0.0001877658685871343,0.025838535973873658,0.0021487947885967347
516,0.0006170575331025399,0.047469198811078764,0.005139529100480822,0.0001875194980539009,0.02606871342380654,0.002208228959104633
517,0.0006215687535333379,0.046251179895037034,0.005412915230308342,0.0001830082776231029,0.02728673233984827,0.002481615088932153
518,0.0006273692926766653,0.04515184594346407,0.005439041346207556,0.00017720773847977557,0.028386066291421236,0.002507741204831367
519,0.0006321848052851946,0.04595144710667379,0.005378136694811857,0.00017239222587124624,0.027586465128211515,0.002446836553435668
520,0.000637692254731487,0.04718192754266426,0.005239944230258065,0.0001668847764249538,0.026355984692221043,0.002308644088881876
521,0.000639565283025111,0.04637188050084949,0.005240580011526945,0.00016501174813132985,0.02716603173403581,0.002309279870150756
522,0.0006312965772335299,0.04636892713405422,0.005255371070756422,0.00017328045392291092,0.02716898510083108,0.0023240709293802335
523,0.0006081438783584613,0.04463991646343342,0.005143407459601823,0.00019643315279797955,0.028897995771451884,0.002212107318225634
524,0.0005715737560495355,0.04220899531556237,0.005154783868913159,0.00023300327510690532,0.031328916919322936,0.00222348372753697
525,0.0005299016930602116,0.0422897618850077,0.005123130703431078,0.00027467533809622923,0.0312481503498776,0.0021918305620548893
526,0.0004949482753892078,0.04262163471645583,0.005242986421437627,0.00030962875576723303,0.030916277518429472,0.002311686280061438
527,0.0004554003834462099,0.047767844718250976,0.005235356477339142,0.0003491766477102309,0.025770067516634326,0.0023040563359629533
528,0.0004240180181246203,0.04651525484692747,0.005323458000778305,0.0003805590130318205,0.02702265738795783,0.002392157859402116
529,0.0004047229335099107,0.0494309464636881,0.0056533561612666355,0.00039985409764653013,0.024106965771197204,0.0027220560198904465
530,0.0003990395115341381,0.04914177584271434,0.005752538454865258,0.00040553751962230274,0.02439613639217096,0.002821238313489069
531,0.00039942416666226407,0.04878510673758006,0.0058638475470371805,0.00040515286449417675,0.02475280549730524,0.0029325474056609915
532,0.0004257923625539273,0.053266945194607854,0.00605252137752622,0.00037878466860251353,0.02027096704027745,0.0031212212361500314
533,0.00047219434537817327,0.05348560318926678,0.006125343711646487,0.00033238268577826755,0.02005230904561852,0.0031940435702702977
534,0.0005232336630020637,0.048229361212649244,0.005979399025079381,0.0002813433681543771,0.02530855102223606,0.003048098883703192
535,0.0005807879090103178,0.04599888894486318,0.006061510850087411,0.00022378912214612303,0.02753902329002212,0.003130210708711222
536,0.0006296379937449929,0.04500157620144662,0.00610793183821712,0.0001749390374114479,0.028536336033438685,0.0031766316968409314
537,0.00067991638785145,0.04748299312058596,0.006476684888738394,0.00012466064330499084,0.026054919114299344,0.0035453847473622055
538,0.000723641385053946,0.04852529314466836,0.0066968011135440505,8.093564610249483e-05,0.025012619090216945,0.0037655009721678616
539,0.0007586219952070469,0.050376366810813845,0.006758369411801513,4.595503594939394e-05,0.023161545424071457,0.0038270692704253243
540,0.0007890933264825912,0.05191205249516485,0.006806979985527334,1.54837046738496e-05,0.021625859739720456,0.0038756798441511447
541,0.0008148896648579712,0.04861660227523777,0.006918613463637684,1.031263370153033e-05,0.02492130995964753,0.003987313322261495
542,0.0008410878010678252,0.043354005026416335,0.007046641841787958,3.6510769911384335e-05,0.030183907208468967,0.004115341700411769
543,0.0008674794714634627,0.03336263047429954,0.0069886081169581405,6.290244030702184e-05,0.04017528176058576,0.004057307975581952
544,0.0008948542916756696,0.02911130847320126,0.006919378190977435,9.027726051922874e-05,0.044426603761684044,0.003988078049601246
545,0.0009181374681835941,0.026065299659207068,0.0068176383922591436,0.00011356043702715325,0.04747261257567824,0.0038863382508829546
546,0.0009317206138576445,0.025106236294692084,0.006652481052415702,0.00012714358270120372,0.04843167594019322,0.003721180911039513
547,0.0009388784018411822,0.023879235454379172,0.00642657485993563,0.00013430137068474134,0.04965867678050613,0.0034952747185594407
548,0.0009438520087223368,0.028040794895630824,0.006345380583589264,0.00013927497756589596,0.045497117339254475,0.003414080442213075
549,0.0009435960338733414,0.034261605480944486,0.00631373474223051,0.0001390190027169006,0.039276306753940816,0.0033824346008543213
550,0.0009426337135394224,0.03593178581924268,0.00651380266311002,0.00013805668238298162,0.03760612641564262,0.003582502521733831
551,0.0009429604557264666,0.03892808688881461,0.006635854824088537,0.0001383834245700258,0.03460982534607069,0.003704554682712348
552,0.000947271430055636,0.04307820653210736,0.006842589958366664,0.0001426943988991952,0.030459705702777944,0.003911289816990475
553,0.0009468683423387264,0.04614690286188554,0.006866411096070644,0.00014229131118228557,0.027391009372999764,0.003935110954694455
554,0.0009459916732680872,0.047112263677689836,0.0070465843365980175,0.00014141464211164638,0.026425648557195466,0.004115284195221829
555,0.0009403556163403097,0.04623273839849563,0.0071151829478802164,0.00013577858518386884,0.027305173836389675,0.0041838828065040275
556,0.000938433415682416,0.044126236139197764,0.007224550954288911,0.0001338563845259752,0.02941167609568754,0.004293250812912722
557,0.0009280834928439099,0.04736137043770963,0.007140547871141491,0.00012350646168746908,0.02617654179717567,0.004209247729765302
558,0.0009159500958050413,0.04716102627882954,0.007119196723954685,0.0001113730646486005,0.026376885956055765,0.004187896582578496
559,0.0009114654417843036,0.04510974756803551,0.007052918740523262,0.00010688841062786274,0.02842816466684979,0.004121618599147073
560,0.0009102534392907274,0.03754920441021438,0.006891438969286706,0.00010567640813428654,0.035988707824670924,0.003960138827910517
561,0.0009052900931558304,0.03208612020868553,0.0065168736148299425,0.00010071306199938956,0.04145179202619977,0.0035855734734537535
562,0.0009091813333370322,0.02992042259740537,0.006177942780453899,0.00010460430218059143,0.04361748963747993,0.00324664263907771
563,0.0009039903130327708,0.028057817566939026,0.0060159118746643545,9.941328187633002e-05,0.04548009466794628,0.0030846117332881656
564,0.0008765414217780852,0.02016667182543019,0.005935162074283056,7.19643906216444e-05,0.05337124040945511,0.0030038619329068672
565,0.0008312730667437401,0.020221570726217372,0.005905353539741075,2.6696035587299265e-05,0.05331634150866793,0.002974053398364886
566,0.0007761177237819613,0.022531713390160815,0.005889918739517478,2.8459307374479486e-05,0.05100619884472449,0.0029586185981412888
567,0.0007260152474275526,0.028188087145612956,0.005893941361755381,7.85617837288882e-05,0.04534982508927235,0.0029626412203791917
568,0.0006836635071460086,0.028211464674458824,0.005916008435761346,0.00012091352401043221,0.045326447560426475,0.002984708294385157
569,0.0006402728064887643,0.028851250290684128,0.005954405086479358,0.0001643042246676765,0.04468666194420118,0.003023104945103169
570,0.0005923656689140978,0.03822861807651092,0.0060483589107894285,0.00021221136224234302,0.03530929415837438,0.0031170587694132395
571,0.0005472557710583723,0.0413489366438175,0.006113629942372738,0.00025732126009806854,0.0321889755910678,0.003182329800996549
572,0.0005159853024139436,0.04914159591150413,0.006226631375736844,0.00028859172874249727,0.02439631632338117,0.0032953312343606553
573,0.0005122050389106009,0.05221657138824983,0.0063282510120601715,0.0002923719922458399,0.02132134084663547,0.0033969508706839825
574,0.0005165575159605276,0.05329582339120935,0.006334883915902816,0.0002880195151959132,0.020242088843675954,0.003403583774526627
575,0.0005247218846060096,0.05388210413948994,0.0064149504301145265,0.00027985514655043126,0.019655808095395362,0.0034836502887383375
576,0.0005294066854222084,0.0394464197709165,0.0065576477763524006,0.0002751703457342324,0.0340914924639688,0.0036263476349762116
577,0.0005326040441882511,0.024598316594100157,0.006645137493529904,0.0002719729869681897,0.04893959564078515,0.0037138373521537153
578,0.0005327033828712535,0.03196358111826674,0.006751804960468579,0.0002718736482851873,0.04157433111661856,0.00382050481909239
579,0.0005306056765878758,0.033472605336436714,0.006740206370300522,0.00027397135456856507,0.04006530689844859,0.0038089062289243334
580,0.0005281010783446141,0.03448073424751577,0.006715448391826425,0.0002764759528118267,0.03905717798736953,0.0037841482504502363
581,0.000523612846771395,0.03463736754463485,0.006699679191203007,0.00028096418438504584,0.03890054469025045,0.0037683790498268177
582,0.0005161460340246239,0.03442285817776184,0.006664996605146802,0.0002884309971318169,0.03911505405712346,0.003733696463770613
583,0.0005089044325153643,0.03531249723832833,0.0066680567168513685,0.00029567259864107657,0.038225414996556975,0.0037367565754751796
584,0.0004984475195206305,0.031243707675168444,0.006669911334565918,0.00030612951163581036,0.04229420455971686,0.003738611193189729
585,0.0004854830209532091,0.03176412807853091,0.006684940921489223,0.0003190940102032317,0.041773784156354396,0.003753640780113034
586,0.00046576694496595515,0.03263931334991835,0.0066734600355169765,0.0003388100861904857,0.040898598884966955,0.0037421598941407876
587,0.000449100714280752,0.03339821699226746,0.006667499905037452,0.0003554763168756888,0.040139695242617845,0.0037361997636612626
588,0.0004337817255308159,0.03409802528810411,0.006695766279573515,0.0003707953056256249,0.039439886946781195,0.003764466138197326
589,0.00042169455834762277,0.03367308190280499,0.0067322715078793685,0.00038288247280881806,0.03986483033208031,0.0038009713665031796
590,0.0004161887086103104,0.03485942831664079,0.0068268281482060465,0.0003883883225461304,0.038678483918244515,0.0038955280068298575
591,0.00042368059357279715,0.039409382332979005,0.006889621527113315,0.00038089643758364367,0.0341285299019063,0.003958321385737126
592,0.0004263822229792424,0.04067991861900453,0.006862677277905437,0.00037819480817719844,0.03285799361588077,0.003931377136529248
593,0.0004202764108006355,0.039893848676605746,0.006769269892341283,0.0003843006203558053,0.033644063558279556,0.003837969750965094
594,0.00040766738078157,0.03574491345200181,0.006694393686343437,0.0003969096503748708,0.037792998782883495,0.003763093544967248
595,0.00038974383216954926,0.03404082164326232,0.006538601558962089,0.00041483319898689156,0.039497090591622985,0.0036073014175859
596,0.0003696067061884081,0.03348034620946279,0.006468765245571032,0.0004349703249680327,0.040057566025422514,0.003537465104194843
597,0.00034970665101466023,0.032710072424383126,0.006371538545331317,0.0004548703801417806,0.04082783981050218,0.003440238403955128
598,0.0003311653184965665,0.02752317077073607,0.0062960510032925585,0.00047341171265987434,0.04601474146414923,0.0033647508619163696
599,0.00032175377493045274,0.02838200010575483,0.006159543595814915,0.0004828232562259881,0.04515591212913048,0.003228243454438726
600,0.00032074536474261626,0.02613997464976753,0.006099034844788244,0.00048383166641382456,0.047397937585117775,0.0031677347034120553
601,0.00032383544316969443,0.027191450326129886,0.006047006430012612,0.0004807415879867464,0.04634646190875542,0.003115706288636423
602,0.0003323046728361193,0.027049335069308497,0.006026711871765899,0.00047227235832032153,0.046488577165576805,0.00309541173038971
603,0.0003471369591047069,0.02591559652336887,0.005957934559723533,0.0004574400720517339,0.04762231571151643,0.003026634418347344
604,0.00036437380344483223,0.025993830635518182,0.0058938947861417006,0.0004402032277116086,0.04754408159936712,0.0029625946447655116
605,0.00041182924499342865,0.03017093833513437,0.005707830680109652,0.00039274778616301217,0.04336697389975093,0.0027765305387334634
606,0.00047259354819637024,0.03134579891897599,0.005720489529634973,0.0003319834829600706,0.042192113315909316,0.0027891893882587837
607,0.0005377305414309128,0.0324228861527586,0.005676612097093798,0.000266846489725528,0.0411150260821267,0.0027453119557176095
608,0.0005915332879863651,0.03243317462665764,0.0057016703379881425,0.00021304374317007572,0.041104737608227665,0.0027703701966119536
609,0.0006273726236649799,0.03365812326030716,0.005739906264902307,0.00017720440749146096,0.03987978897457814,0.002808606123526118
610,0.000651193688028818,0.03302883919987424,0.005783430989628205,0.00015338334312762277,0.04050907303501106,0.002852130848252016
611,0.0006701126816094095,0.03383845783830431,0.005822331946343864,0.00013446434954703134,0.03969945439658099,0.0028910318049676755
612,0.0006801767040511091,0.03522063003734642,0.00590057558642514,0.00012440032710533174,0.03831728219753888,0.002969275445048951
613,0.0006836839715337963,0.03615249941459833,0.005944246377604254,0.00012089305962264456,0.03738541282028697,0.0030129462362280647
614,0.0006858175528332997,0.03713450002694701,0.005986216416068248,0.00011875947832314115,0.036403412207938295,0.0030549162746920594
615,0.0006818090492185138,0.03665351393741394,0.006161239396910061,0.000122767981937927,0.036884398297471366,0.003229939255533872
616,0.0006747246276116291,0.03518254649650831,0.00622910001127199,0.00012985240354481168,0.038355365738376994,0.003297799869895801
617,0.0006634271971545643,0.036039362590741204,0.006322575804148758,0.00014114983400187648,0.0374985496441441,0.0033912756627725695
618,0.0006471301856039328,0.03628426494381569,0.006300355918479606,0.000157446845552508,0.037253647291069614,0.0033690557771034173
619,0.0006276511073596395,0.03371685283624272,0.006375347514748648,0.0001769259237968013,0.03982105939864258,0.0034440473733724592
620,0.0006020183360924152,0.031221483040354922,0.006405833967588255,0.00020255869506402558,0.04231642919453038,0.003474533826212066
621,0.0005721333930442948,0.03089918327650721,0.006456148246874942,0.00023244363811214606,0.04263872895837809,0.0035248481054987527
622,0.0005401761263211852,0.033054571782736165,0.0064810396028581315,0.0002644009048352556,0.04048334045214914,0.0035497394614819426
623,0.000510297818295697,0.033352076969339124,0.006499210793522695,0.00029427921286074383,0.04018583526554618,0.0035679106521465057
624,0.0004830262842429455,0.03267102299040125,0.006494802291274317,0.00032155074691349534,0.040866889244484055,0.0035635021498981283
625,0.0004681915365627628,0.033798542492437605,0.0065277914764974585,0.000336385494593678,0.0397393697424477,0.0035964913351212695
626,0.00046069449679799797,0.03226155526349282,0.006558009787750033,0.00034388253435844285,0.04127635697139248,0.003626709646373844
627,0.00046096591882532537,0.03218803235382279,0.006581925789577802,0.00034361111233111545,0.041349879881062514,0.0036506256482016133
628,0.0004671190355788766,0.03193705395598557,0.006647285879249488,0.00033745799557756423,0.041600858278899734,0.0037159857378732987
629,0.0004769654545355195,0.03207431849357902,0.006650256842623685,0.0003276115766209213,0.04146359374130628,0.0037189567012474957
630,0.00048542872288374114,0.03169259950775911,0.0066275351311796534,0.0003191483082726997,0.041845312727126195,0.0036962349898034645
631,0.0004949267671266982,0.03058611146434465,0.006641033805058429,0.0003096502640297426,0.04295180077054066,0.00370973366368224
632,0.0005028293878313783,0.030704931872045024,0.006677538759952027,0.0003017476433250625,0.04283298036284028,0.003746238618575838
633,0.0005138053353105571,0.027739181008878473,0.006698040708844713,0.00029077169584588373,0.045798731226006834,0.0037667405674685238
634,0.0005253599367340694,0.02624959954685468,0.006717890130526469,0.0002792170944223714,0.04728831268803062,0.00378658998915028
635,0.000531229730158028,0.028013120278729327,0.006739014339677564,0.0002733473009984128,0.045524791956155976,0.0038077141983013747
636,0.0005262851226866021,0.02832467760519273,0.006699297531943248,0.0002782919084698387,0.045213234629692574,0.003767997390567059
637,0.0005070557447269659,0.03133330590742709,0.006692284037396396,0.0002975212864294749,0.04220460632745821,0.0037609838960202067
638,0.0004765487421541031,0.03244795864810605,0.006582479558781409,0.0003280282890023377,0.041089953586779256,0.00365117941740522
639,0.0004457744445058515,0.038571336702681945,0.0065497695191753256,0.0003588025866505893,0.03496657553220336,0.0036184693777991366
